Date	Lon	Lat	sossheig	votemper	vosaline	vomecrty	vozocrtx	ice_volume	iceconc	icethic_cea	siconcat	sithicat	snowthic_cea	uice_ipa	vice_ipa
2017-01-01	90.07881164550781	79.91991424560547	0.5903460383415222	-1.532974362373352	28.497661590576172	0.1300293654203415	-0.02664157748222351	0.41997674107551575	0.9149942398071289	0.4590473771095276	0.32194098830223083	0.10000000149011612	0.008356321603059769	-0.12441470474004745	0.06648676842451096
2017-01-02	90.07881164550781	79.91991424560547	0.6484580636024475	-1.5367945432662964	28.531078338623047	0.09161564707756042	-0.023935331031680107	0.4039101302623749	0.9509844779968262	0.4248821437358856	0.36263346672058105	0.10000000149011612	0.007475182879716158	-0.0680643767118454	0.007870769128203392
2017-01-03	90.07881164550781	79.91991424560547	0.67586749792099	-1.5361394882202148	28.518413543701172	0.09968449920415878	-0.0022723672445863485	0.38916364312171936	0.9583458304405212	0.40607184171676636	0.31646251678466797	0.10000000149011612	0.0065545132383704185	-0.02562062256038189	-0.0007898223702795804
2017-01-04	90.07881164550781	79.91991424560547	0.8238411545753479	-1.534338116645813	28.493066787719727	0.06945978105068207	-0.006951396819204092	0.46918565034866333	0.991635799407959	0.47294020652770996	0.18322907388210297	0.10000000149011612	0.007443706505000591	0.037282686680555344	0.0435476154088974
2017-01-05	90.07881164550781	79.91991424560547	0.8117039799690247	-1.5332353115081787	28.46728515625	0.05389360710978508	-0.0007211259217001498	0.5152023434638977	0.9947623014450073	0.517918050289154	0.10852564126253128	0.10000000149011612	0.007870962843298912	-0.0018842234276235104	0.002533459570258856
2017-01-06	90.07881164550781	79.91991424560547	0.9619139432907104	-1.474503993988037	28.65605354309082	0.10330361127853394	0.08259470015764236	0.5636729001998901	0.9845773577690125	0.5728031396865845	0.06079871580004692	0.10000000149011612	0.008467096835374832	0.030439818277955055	0.1844661682844162
2017-01-07	90.07881164550781	79.91991424560547	0.9546321630477905	-1.4849921464920044	28.615772247314453	0.10283157974481583	-0.01861785724759102	0.7085494995117188	0.9735198020935059	0.727888286113739	0.012869338504970074	0.10000000149011612	0.010792904533445835	-0.0007114495383575559	0.11874664574861526
2017-01-08	90.07881164550781	79.91991424560547	0.8756551742553711	-1.4636492729187012	28.567855834960938	0.04837051406502724	-0.025514960289001465	0.7964246869087219	0.9610722064971924	0.8287565112113953	0.0027158805169165134	0.10000000149011612	0.010890131816267967	0.04075254872441292	0.1466161608695984
2017-01-09	90.07881164550781	79.91991424560547	0.8032013773918152	-1.4797691106796265	28.51764678955078	0.13088375329971313	0.011858271434903145	0.8754432201385498	0.9734871983528137	0.899283766746521	1.0938100786006544e-05	0.03333333507180214	0.008203179575502872	0.004785898141562939	0.048210807144641876
2017-01-10	90.07881164550781	79.91991424560547	0.7449010014533997	-1.5090022087097168	28.561532974243164	0.15473458170890808	0.027473969385027885	0.9529320597648621	0.9736095666885376	0.9788186550140381	1.3735694892602623e-06	0.10000000149011612	0.005250849295407534	0.031902942806482315	0.17050591111183167
2017-01-11	90.07881164550781	79.91991424560547	0.7413085699081421	-1.48185396194458	28.726442337036133	0.2516423463821411	0.048443857580423355	1.0796465873718262	0.9686761498451233	1.1145029067993164	2.747235157585237e-06	0.05999999865889549	0.002565982984378934	0.02601739950478077	0.2613949179649353
2017-01-12	90.07881164550781	79.91991424560547	0.7848904132843018	-1.4910352230072021	28.83673858642578	0.27566057443618774	0.024716980755329132	1.2719024419784546	0.9638140201568604	1.3203325271606445	0.0003465592162683606	0.09666666388511658	0.0027008585166186094	0.004227702971547842	0.27802392840385437
2017-01-13	90.07881164550781	79.91991424560547	0.8562647700309753	-1.4769574403762817	28.97954559326172	0.24455036222934723	0.013717781752347946	1.392485499382019	0.9574429988861084	1.4543300867080688	0.00040550107951276004	0.09666666388511658	0.002902425592765212	0.049249280244112015	0.32877662777900696
2017-01-14	90.07881164550781	79.91991424560547	0.7678393125534058	-1.4869673252105713	28.938945770263672	0.20891648530960083	0.014852375723421574	1.482480525970459	0.9780343174934387	1.5156946182250977	0.00029116388759575784	0.10000000149011612	0.004599339794367552	0.008266153745353222	0.1436939239501953
2017-01-15	90.07881164550781	79.91991424560547	0.7803937792778015	-1.4881694316864014	28.974384307861328	0.2024204283952713	0.023846177384257317	1.541807770729065	0.9777193069458008	1.5769717693328857	3.994639700977132e-05	0.10000000149011612	0.005190159659832716	0.02602539211511612	0.20987053215503693
2017-01-16	90.07881164550781	79.91991424560547	0.8076480627059937	-1.5261139869689941	28.950298309326172	0.1569208949804306	0.006905258633196354	1.5290682315826416	0.968413233757019	1.57894766330719	7.766724934299418e-07	0.029999999329447746	0.00393517455086112	0.020781008526682854	0.18432825803756714
2017-01-17	90.07881164550781	79.91991424560547	1.0110398530960083	-1.4902875423431396	29.055246353149414	0.0759858638048172	0.01814524456858635	1.5611315965652466	0.9730553030967712	1.6043676137924194	1.6728145055822097e-06	0.09666666388511658	0.0031422432512044907	0.03290989249944687	0.14917942881584167
2017-01-18	90.07881164550781	79.91991424560547	1.0397228002548218	-1.5018348693847656	29.023019790649414	0.07695932686328888	-0.024022620171308517	1.5895507335662842	0.9842154383659363	1.6150472164154053	8.447900654573459e-07	0.06666667014360428	0.0033944633323699236	0.019781457260251045	0.12430893629789352
2017-01-19	90.07881164550781	79.91991424560547	1.025742530822754	-1.5087006092071533	28.936792373657227	0.08471380174160004	0.0007863267092034221	1.5953333377838135	0.9831427931785583	1.6226955652236938	0.0	0.0	0.0041616191156208515	-0.00139645766466856	0.02548455074429512
2017-01-20	90.07881164550781	79.91991424560547	0.9318583011627197	-1.5123571157455444	28.88742446899414	0.07827898114919662	-0.012978295795619488	1.62435781955719	0.9816186428070068	1.6547826528549194	0.0	0.0	0.0047294762916862965	-0.004728175699710846	0.008290328085422516
2017-01-21	90.07881164550781	79.91991424560547	0.8684356808662415	-1.5164530277252197	28.864151000976562	0.08540384471416473	-0.019762268289923668	1.6347572803497314	0.9740784764289856	1.6782666444778442	0.0	0.0	0.005206124857068062	-0.003643031232059002	0.005995132960379124
2017-01-22	90.07881164550781	79.91991424560547	0.8329190611839294	-1.5269376039505005	28.860754013061523	0.07501614093780518	-0.02207673154771328	1.6439268589019775	0.9723626971244812	1.690652847290039	0.0	0.0	0.005564740393310785	-0.0012095279525965452	0.0014441873645409942
2017-01-23	90.07881164550781	79.91991424560547	0.8488191366195679	-1.535713791847229	28.863666534423828	0.08237405866384506	-0.02429608814418316	1.6514333486557007	0.971741259098053	1.6994582414627075	7.011813636381703e-07	0.01666666753590107	0.005827780347317457	-0.00037378366687335074	0.00013118356582708657
2017-01-24	90.07881164550781	79.91991424560547	0.8894078135490417	-1.5339505672454834	28.87200164794922	0.09990106523036957	-0.01946164108812809	1.6598973274230957	0.9709717035293579	1.7095228433609009	1.7986782268053503e-06	0.023333333432674408	0.006017199717462063	-0.000870677933562547	0.0019793810788542032
2017-01-25	90.07881164550781	79.91991424560547	1.1293445825576782	-1.5218861103057861	29.018312454223633	0.10950427502393723	-0.024053895846009254	1.69582998752594	0.9666154384613037	1.7545011043548584	4.238879682816332e-06	0.05666666850447655	0.006064936518669128	0.01613464020192623	0.10236012190580368
2017-01-26	90.07881164550781	79.91991424560547	1.0764219760894775	-1.5327696800231934	29.04827308654785	0.16740496456623077	-0.02271326072514057	1.730681300163269	0.9632571935653687	1.7966967821121216	1.4732826230101637e-06	0.023333333432674408	0.007608427200466394	-0.0018980603199452162	-0.009428799152374268
2017-01-27	90.07881164550781	79.91991424560547	1.1000860929489136	-1.5396760702133179	28.983430862426758	0.12978492677211761	-0.016820009797811508	1.737557053565979	0.9634174108505249	1.8035348653793335	1.7304146240348928e-05	0.10000000149011612	0.009218833409249783	-0.00023744275677017868	0.00015715269546490163
2017-01-28	90.07881164550781	79.91991424560547	1.0581176280975342	-1.5426578521728516	28.92601776123047	0.15183046460151672	-0.013684075325727463	1.7461274862289429	0.9632270932197571	1.8127901554107666	2.357090579607757e-06	0.009999999776482582	0.013918554410338402	-0.0008378868224099278	0.0002955147938337177
2017-01-29	90.07881164550781	79.91991424560547	0.9482409954071045	-1.549321174621582	28.920129776000977	0.13415886461734772	-0.00916212610900402	1.7526112794876099	0.9601449966430664	1.8253687620162964	0.0	0.0	0.02156170643866062	-0.0016955871833488345	0.0019625099375844
2017-01-30	90.07881164550781	79.91991424560547	0.8899175524711609	-1.555255651473999	28.88168716430664	0.18615753948688507	-0.01520911417901516	1.753836750984192	0.9560380578041077	1.8345255851745605	0.008486059494316578	0.09000000357627869	0.02498132735490799	-0.010564305819571018	0.010792707093060017
2017-01-31	90.07881164550781	79.91991424560547	0.9358494877815247	-1.5542806386947632	28.861412048339844	0.16178324818611145	-0.00986526906490326	1.785427451133728	0.958473265171051	1.862835168838501	0.04599526524543762	0.10000000149011612	0.02491726353764534	-0.033012066036462784	0.015450322069227695
2017-02-01	90.07881164550781	79.91991424560547	0.7896703481674194	-1.5552089214324951	28.8675479888916	0.13186565041542053	0.0037046282086521387	1.7852705717086792	0.9556031823158264	1.868380069732666	0.039994314312934875	0.09666666388511658	0.02426092140376568	-0.011013484559953213	0.003252787282690406
2017-02-02	90.07881164550781	79.91991424560547	0.6320329904556274	-1.5546361207962036	28.868194580078125	0.0965043380856514	0.007940234616398811	1.7929351329803467	0.9709848761558533	1.84651780128479	0.038092635571956635	0.10000000149011612	0.023991746827960014	-0.0008874268387444317	0.0008694046409800649
2017-02-03	90.07881164550781	79.91991424560547	0.584295392036438	-1.5556550025939941	28.868751525878906	0.07749000936746597	0.005850383546203375	1.8033695220947266	0.9671179056167603	1.8646881580352783	0.02339203469455242	0.10000000149011612	0.02492852881550789	-0.0007007945678196847	0.0009199186461046338
2017-02-04	90.07881164550781	79.91991424560547	0.6454421877861023	-1.5569013357162476	28.901473999023438	0.038455549627542496	0.010806919075548649	1.8148289918899536	0.973124623298645	1.8649522066116333	0.022396542131900787	0.10000000149011612	0.02700023539364338	0.00015179713955149055	0.003324441844597459
2017-02-05	90.07881164550781	79.91991424560547	0.7251884341239929	-1.5564212799072266	28.884965896606445	0.05195050314068794	-0.003355099353939295	1.8489519357681274	0.977795422077179	1.891007900238037	0.009005422703921795	0.09000000357627869	0.03069852851331234	-0.0021717867348343134	0.04548456519842148
2017-02-06	90.07881164550781	79.91991424560547	0.7197697758674622	-1.553475022315979	28.83373260498047	0.07346539944410324	-0.023436302319169044	1.8980352878570557	0.956157386302948	1.985177755355835	0.0002995887480210513	0.07666666805744171	0.03736316040158272	-0.004386099986732006	0.022558437660336494
2017-02-07	90.07881164550781	79.91991424560547	0.6974906921386719	-1.5476188659667969	28.841861724853516	0.07529062032699585	-0.027046795934438705	1.9219778776168823	0.9552428126335144	2.012031078338623	0.00043039885349571705	0.0833333358168602	0.04086467996239662	-0.0005749392439611256	0.0038723046891391277
2017-02-08	90.07881164550781	79.91991424560547	0.6727376580238342	-1.550619125366211	28.829238891601562	0.10348028689622879	-0.0264932531863451	1.9417939186096191	0.9497131705284119	2.044658660888672	0.0008022690890356898	0.02666666731238365	0.04196136072278023	-0.0021950670052319765	0.012928131967782974
2017-02-09	90.07881164550781	79.91991424560547	0.6603109836578369	-1.552280068397522	28.866018295288086	0.11154705286026001	-0.020644458010792732	1.950868010520935	0.9462245106697083	2.0617427825927734	0.00849810428917408	0.10000000149011612	0.04211028665304184	-0.0011450758902356029	0.0021437513642013073
2017-02-10	90.07881164550781	79.91991424560547	0.6806506514549255	-1.5538972616195679	28.9124813079834	0.13285116851329803	-0.017212679609656334	1.957882046699524	0.9514011740684509	2.0579028129577637	0.01461741328239441	0.10000000149011612	0.0421576052904129	-0.0006356791127473116	0.0012860690476372838
2017-02-11	90.07881164550781	79.91991424560547	0.7984331250190735	-1.557591199874878	28.931764602661133	0.14172276854515076	-0.012925098650157452	1.9657702445983887	0.955171525478363	2.0580289363861084	0.016104403883218765	0.10000000149011612	0.04272454231977463	-0.00044065681868232787	0.0014692163094878197
2017-02-12	90.07881164550781	79.91991424560547	0.9616673588752747	-1.5551717281341553	28.942853927612305	0.16710150241851807	-0.004501759074628353	1.9752156734466553	0.9534897208213806	2.0715880393981934	0.013603242114186287	0.10000000149011612	0.0443657748401165	-0.0015783723210915923	0.008748802356421947
2017-02-13	90.07881164550781	79.91991424560547	0.9701510071754456	-1.5561802387237549	28.91695213317871	0.16290923953056335	-0.006544493138790131	2.0189242362976074	0.9448883533477783	2.1366889476776123	0.009196505881845951	0.10000000149011612	0.04693793132901192	-0.0040571135468780994	0.01952498033642769
2017-02-14	90.07881164550781	79.91991424560547	0.8646845817565918	-1.559468150138855	28.9444637298584	0.1484333574771881	-0.0028262196574360132	2.033459424972534	0.9521906971931458	2.1356637477874756	0.024369824677705765	0.10000000149011612	0.046908535063266754	-0.0027010771445930004	0.003191547002643347
2017-02-15	90.07881164550781	79.91991424560547	0.8393376469612122	-1.5613868236541748	28.967180252075195	0.11149358749389648	0.009144523181021214	2.0208160877227783	0.9718686938285828	2.0793964862823486	0.04986229166388512	0.10000000149011612	0.04491344094276428	-0.0018373600905761123	0.00031378265703096986
2017-02-16	90.07881164550781	79.91991424560547	0.7756260633468628	-1.5610402822494507	28.96412467956543	0.09429582953453064	0.006131742149591446	2.024512529373169	0.98243248462677	2.0607168674468994	0.044611748307943344	0.10000000149011612	0.044295534491539	-0.000617766345385462	0.0006728250882588327
2017-02-17	90.07881164550781	79.91991424560547	0.7975949645042419	-1.5605790615081787	28.957944869995117	0.0955812931060791	-0.0023598314728587866	2.0290613174438477	0.9800962805747986	2.070269823074341	0.029842225834727287	0.10000000149011612	0.0444537028670311	-0.0010126570705324411	0.0008694530697539449
2017-02-18	90.07881164550781	79.91991424560547	0.7849723696708679	-1.5603607892990112	28.95486831665039	0.0810249075293541	-0.003110733814537525	2.032902956008911	0.9777317047119141	2.0792083740234375	0.019345514476299286	0.10000000149011612	0.04477863758802414	-0.00138950627297163	0.0010682023130357265
2017-02-19	90.07881164550781	79.91991424560547	0.6822730898857117	-1.5605649948120117	28.961936950683594	0.06782977283000946	-0.00495507288724184	2.0370609760284424	0.9777711033821106	2.083378314971924	0.016256337985396385	0.10000000149011612	0.04522820934653282	-0.001378966378979385	0.0015096302377060056
2017-02-20	90.07881164550781	79.91991424560547	0.620347797870636	-1.561680793762207	28.979591369628906	0.07060697674751282	-0.0029522504191845655	2.0275938510894775	0.9788954257965088	2.0712921619415283	0.026637522503733635	0.10000000149011612	0.04521071910858154	-0.006678926292806864	0.011018962599337101
2017-02-21	90.07881164550781	79.91991424560547	0.6699461936950684	-1.5688796043395996	29.103456497192383	0.17290709912776947	0.03431103378534317	1.9661650657653809	0.9527013897895813	2.0637972354888916	0.06378032267093658	0.10000000149011612	0.045046593993902206	-0.060717519372701645	0.14725860953330994
2017-02-22	90.07881164550781	79.91991424560547	0.6384120583534241	-1.5701453685760498	29.127328872680664	0.11365589499473572	-6.802396910643438e-06	2.01035737991333	0.9639519453048706	2.085533857345581	0.12253604829311371	0.10000000149011612	0.04335654526948929	-0.03998172655701637	0.11790559440851212
2017-02-23	90.07881164550781	79.91991424560547	0.680059015750885	-1.5718990564346313	29.157838821411133	0.08890090882778168	-0.01273282803595066	1.960694670677185	0.9713243246078491	2.0186352729797363	0.07374954223632812	0.10000000149011612	0.03984730318188667	-0.009493374265730381	0.023600410670042038
2017-02-24	90.07881164550781	79.91991424560547	0.6549147367477417	-1.5715413093566895	29.157499313354492	0.10267116129398346	-0.014885546639561653	1.9226189851760864	0.9803545475006104	1.961159110069275	0.030278028920292854	0.10000000149011612	0.03852216899394989	-0.0015419229166582227	0.006001088302582502
2017-02-25	90.07881164550781	79.91991424560547	0.6110775470733643	-1.5717954635620117	29.149045944213867	0.15960153937339783	0.010891719721257687	1.919676423072815	0.972480297088623	1.9740432500839233	0.03829096257686615	0.10000000149011612	0.039132047444581985	-0.0015815193764865398	0.05621245503425598
2017-02-26	90.07881164550781	79.91991424560547	0.6090517044067383	-1.5687291622161865	29.093271255493164	0.15603408217430115	-0.003914120607078075	1.924195408821106	0.9705823659896851	1.9825197458267212	0.05582532286643982	0.10000000149011612	0.040171656757593155	-0.001289733569137752	0.0365825779736042
2017-02-27	90.07881164550781	79.91991424560547	0.46366676688194275	-1.563184380531311	29.013198852539062	0.13304893672466278	-0.0053394935093820095	1.923627257347107	0.9747510552406311	1.973495602607727	0.04949259012937546	0.10000000149011612	0.04312501847743988	-0.0003797253593802452	0.008130468428134918
2017-02-28	90.07881164550781	79.91991424560547	0.6015857458114624	-1.563686490058899	29.006776809692383	0.2546963393688202	0.03374432027339935	1.8674933910369873	0.966118335723877	1.9327404499053955	0.029278241097927094	0.09666666388511658	0.04893341660499573	-0.0442054457962513	0.1389763355255127
2017-03-01	90.07881164550781	79.91991424560547	0.5601690411567688	-1.5620051622390747	28.974639892578125	0.1451585739850998	0.006714716088026762	1.7425130605697632	0.9782485961914062	1.7814332246780396	0.0428357757627964	0.10000000149011612	0.05358045548200607	-0.015654807910323143	0.05974574387073517
2017-03-02	90.07881164550781	79.91991424560547	0.5517804622650146	-1.5630091428756714	28.995380401611328	0.11801642179489136	0.014057911932468414	1.6986125707626343	0.9879190325737	1.7194091081619263	0.01344793289899826	0.10000000149011612	0.056010570377111435	-0.00880705937743187	0.014674242585897446
2017-03-03	90.07881164550781	79.91991424560547	0.5583808422088623	-1.564487338066101	29.022216796875	0.09060203284025192	0.01777423918247223	1.673916220664978	0.9880564212799072	1.6941547393798828	0.019802065566182137	0.10000000149011612	0.056460462510585785	-0.00489994278177619	0.007908506318926811
2017-03-04	90.07881164550781	79.91991424560547	0.5796576142311096	-1.5653258562088013	29.037275314331055	0.08854558318853378	0.01680532842874527	1.6555311679840088	0.9889604449272156	1.6740113496780396	0.01673724129796028	0.10000000149011612	0.056289490312337875	-0.015821175649762154	0.015379862859845161
2017-03-05	90.07881164550781	79.91991424560547	0.6515114903450012	-1.565565586090088	29.06295394897461	0.05229785293340683	0.01087216753512621	1.6343978643417358	0.9877151846885681	1.6547257900238037	0.006629467010498047	0.09666666388511658	0.05760383605957031	-0.0061441631987690926	0.011273733340203762
2017-03-06	90.07881164550781	79.91991424560547	0.7400637865066528	-1.567797303199768	29.08670425415039	0.039079878479242325	0.0019313107477501035	1.6392854452133179	0.9868580102920532	1.661115288734436	0.002572454744949937	0.10000000149011612	0.059969980269670486	-0.001585787977091968	0.004412391688674688
2017-03-07	90.07881164550781	79.91991424560547	0.776690661907196	-1.5692683458328247	29.11473274230957	0.0529484786093235	-0.012977736070752144	1.6366405487060547	0.9878113269805908	1.6568403244018555	0.007858487777411938	0.10000000149011612	0.060919586569070816	-0.003129279939457774	0.0019811613019555807
2017-03-08	90.07881164550781	79.91991424560547	0.7111371755599976	-1.5702303647994995	29.136621475219727	0.056745946407318115	-0.020687108859419823	1.6446495056152344	0.9900920987129211	1.661108374595642	0.007745075970888138	0.10000000149011612	0.061211828142404556	-0.00022454904683399945	1.6359508663299493e-05
2017-03-09	90.07881164550781	79.91991424560547	0.7281787991523743	-1.5698180198669434	29.15542984008789	0.08136698603630066	-0.02391989156603813	1.6544824838638306	0.9893555641174316	1.6722838878631592	0.0003946833312511444	0.08666666597127914	0.06160013750195503	-0.00015783582057338208	-0.00022967181575950235
2017-03-10	90.07881164550781	79.91991424560547	0.6933057904243469	-1.5696696043014526	29.17534065246582	0.10261581838130951	-0.01462202612310648	1.6643658876419067	0.9894253611564636	1.6821537017822266	0.0010807327926158905	0.10000000149011612	0.06329633295536041	-0.00021472963271662593	-0.0002806602278724313
2017-03-11	90.07881164550781	79.91991424560547	0.6931767463684082	-1.5670433044433594	29.175739288330078	0.11901503056287766	-0.010506711900234222	1.6735949516296387	0.990435779094696	1.6897577047348022	0.0028295202646404505	0.10000000149011612	0.06578171998262405	-0.0006959268939681351	0.0015899580903351307
2017-03-12	90.07881164550781	79.91991424560547	0.7090045809745789	-1.5683884620666504	29.185300827026367	0.13926057517528534	-0.00772874616086483	1.6818989515304565	0.9886444211006165	1.7012189626693726	0.0015120289754122496	0.10000000149011612	0.06794200092554092	-0.0011350767454132438	0.001745013170875609
2017-03-13	90.07881164550781	79.91991424560547	0.7313474416732788	-1.5689195394515991	29.183271408081055	0.14114733040332794	-0.003134584054350853	1.688948392868042	0.9866069555282593	1.7118769884109497	3.596057649701834e-05	0.07333333045244217	0.06986996531486511	-0.0008566207834519446	0.0011321458732709289
2017-03-14	90.07881164550781	79.91991424560547	0.7375731468200684	-1.572664737701416	29.172109603881836	0.13118323683738708	0.0019983691163361073	1.697439432144165	0.9850830435752869	1.723145604133606	4.8346855692216195e-06	0.10000000149011612	0.07138986885547638	-0.0010207233717665076	0.002217837143689394
2017-03-15	90.07881164550781	79.91991424560547	0.7392938137054443	-1.5718212127685547	29.160287857055664	0.14072732627391815	0.008933664299547672	1.7006688117980957	0.9810963869094849	1.7334415912628174	0.0009420195710845292	0.10000000149011612	0.07346495985984802	-0.002448119455948472	0.007321856915950775
2017-03-16	90.07881164550781	79.91991424560547	0.7717368006706238	-1.5707101821899414	29.149959564208984	0.13713186979293823	0.026799563318490982	1.6943954229354858	0.9709933400154114	1.7450237274169922	0.010814860463142395	0.10000000149011612	0.07711963355541229	-0.00568179739639163	0.03805152326822281
2017-03-17	90.07881164550781	79.91991424560547	0.9079610705375671	-1.5689347982406616	29.10986328125	0.13144715130329132	0.02478848025202751	1.7841280698776245	0.9588149785995483	1.8607898950576782	0.02066308632493019	0.10000000149011612	0.07992617785930634	-0.012585391290485859	0.11021101474761963
2017-03-18	90.07881164550781	79.91991424560547	0.9169911742210388	-1.5599414110183716	29.01261329650879	0.1139524057507515	0.030117381364107132	1.8779371976852417	0.9623989462852478	1.9512544870376587	0.004747830331325531	0.10000000149011612	0.08040066063404083	-0.0008301942725665867	0.04006476700305939
2017-03-19	90.07881164550781	79.91991424560547	0.7509765625	-1.5539703369140625	28.89451789855957	0.06946615129709244	0.021808775141835213	1.9819673299789429	0.9852544665336609	2.011613368988037	0.001553676906041801	0.06333333253860474	0.08039364218711853	0.0008294852450489998	0.03222619369626045
2017-03-20	90.07881164550781	79.91991424560547	0.767579972743988	-1.5510776042938232	28.816625595092773	0.06361660361289978	0.005533465184271336	2.031360387802124	0.9895012378692627	2.0529048442840576	9.147780656348914e-05	0.05999999865889549	0.0797361209988594	0.002413228154182434	0.03265383094549179
2017-03-21	90.07881164550781	79.91991424560547	0.7195465564727783	-1.5515670776367188	28.804567337036133	0.05680909752845764	0.0002725819649640471	2.0428154468536377	0.9903377294540405	2.0627474784851074	0.00025450607063248754	0.07000000029802322	0.08409196138381958	-0.00015798304229974747	0.0015465166652575135
2017-03-22	90.07881164550781	79.91991424560547	0.6631544828414917	-1.5521371364593506	28.833242416381836	0.06585640460252762	-0.010553311556577682	2.04929256439209	0.9924535751342773	2.064875602722168	2.908424221459427e-06	0.08666666597127914	0.08805492520332336	-0.00022910507686901838	-0.0001863197685452178
2017-03-23	90.07881164550781	79.91991424560547	0.6221655607223511	-1.5513042211532593	28.849306106567383	0.06577137857675552	-0.017010722309350967	2.0534181594848633	0.9914591312408447	2.0711076259613037	1.1197354979231022e-05	0.10000000149011612	0.08969925343990326	-0.0006228527636267245	0.0005208575166761875
2017-03-24	90.07881164550781	79.91991424560547	0.7411595582962036	-1.5528695583343506	28.87696075439453	0.07039328664541245	-0.019274871796369553	2.05216908454895	0.9889307618141174	2.0751402378082275	0.00010034085426013917	0.10000000149011612	0.09097228944301605	-0.001965593546628952	0.006031484808772802
2017-03-25	90.07881164550781	79.91991424560547	0.8893372416496277	-1.5552045106887817	28.888248443603516	0.08184955269098282	-0.023585794493556023	2.0525403022766113	0.9878526926040649	2.07778000831604	0.00013399282761383802	0.10000000149011612	0.09224254637956619	-0.001903007854707539	0.0019995293114334345
2017-03-26	90.07881164550781	79.91991424560547	0.9191322326660156	-1.5545531511306763	28.896648406982422	0.10122891515493393	-0.023600129410624504	2.0530338287353516	0.9867487549781799	2.0806047916412354	0.00012343212438281626	0.10000000149011612	0.09361293166875839	-0.0008786788675934076	0.0014907551230862737
2017-03-27	90.07881164550781	79.91991424560547	0.8375135660171509	-1.553039312362671	28.89824867248535	0.11839102953672409	-0.023641128093004227	2.0560996532440186	0.9861229062080383	2.085033893585205	0.00011184151662746444	0.10000000149011612	0.09453407675027847	-0.0010465276427567005	0.0029064216651022434
2017-03-28	90.07881164550781	79.91991424560547	0.9293102622032166	-1.5507161617279053	28.875852584838867	0.17097598314285278	-0.015905458480119705	2.051898241043091	0.9858705401420593	2.0813064575195312	4.891701973974705e-05	0.036666665226221085	0.09572745859622955	-0.006047715432941914	0.01051254104822874
2017-03-29	90.07881164550781	79.91991424560547	0.8884413838386536	-1.551971673965454	28.865800857543945	0.13840478658676147	-0.006473626475781202	2.0295822620391846	0.9860814809799194	2.058229684829712	7.048527095321333e-07	0.013333333656191826	0.09632230550050735	-0.0025201267562806606	0.00629872502759099
2017-03-30	90.07881164550781	79.91991424560547	0.8075661659240723	-1.5536460876464844	28.85920524597168	0.13669094443321228	0.003944961819797754	2.0292983055114746	0.9854404330253601	2.0592808723449707	0.00034814191167242825	0.10000000149011612	0.0990859866142273	-0.000867976457811892	0.0003543336351867765
2017-03-31	90.07881164550781	79.91991424560547	0.7549007534980774	-1.552985668182373	28.85556983947754	0.12005575746297836	0.0021961485035717487	2.025009870529175	0.9847009778022766	2.0564589500427246	0.0024107173085212708	0.10000000149011612	0.10131248831748962	-0.009902799502015114	-0.0010493856389075518
2017-04-01	90.07881164550781	79.91991424560547	0.8615720272064209	-1.5543009042739868	29.012880325317383	0.1891203671693802	-0.008736792020499706	1.7365219593048096	0.9206334948539734	1.8815312385559082	0.029080353677272797	0.10000000149011612	0.10466323792934418	-0.13406585156917572	0.03116062469780445
2017-04-02	90.07881164550781	79.91991424560547	0.7565820217132568	-1.5593734979629517	28.935283660888672	0.07936986535787582	0.018236055970191956	1.5583701133728027	0.8720937967300415	1.7869168519973755	0.04802364483475685	0.10000000149011612	0.10133884847164154	0.008617853745818138	0.04937126860022545
2017-04-03	90.07881164550781	79.91991424560547	0.661909818649292	-1.56009840965271	28.953983306884766	0.03511238470673561	0.019093073904514313	1.6162294149398804	0.9398483037948608	1.7201417684555054	0.04067032411694527	0.10000000149011612	0.093439020216465	-0.00022867591178510338	0.0005161862936802208
2017-04-04	90.07881164550781	79.91991424560547	0.6058864593505859	-1.5612633228302002	28.977903366088867	0.029212165623903275	0.007072103675454855	1.5602784156799316	0.95223069190979	1.6382813453674316	0.02355194464325905	0.07333333045244217	0.09596233814954758	-0.041582219302654266	-0.004055078141391277
2017-04-05	90.07881164550781	79.91991424560547	0.6114574670791626	-1.5607978105545044	28.974916458129883	0.03632326424121857	0.00444382568821311	1.4621596336364746	0.9456634521484375	1.546405553817749	0.08398576825857162	0.10000000149011612	0.09784726798534393	-0.02376479096710682	0.004250186495482922
2017-04-06	90.07881164550781	79.91991424560547	0.5640119910240173	-1.560990571975708	28.97316551208496	0.031754571944475174	-0.00011353134323144332	1.4419680833816528	0.9643353819847107	1.4954160451889038	0.1105656623840332	0.10000000149011612	0.09456440061330795	-0.007601190824061632	0.0024542338214814663
2017-04-07	90.07881164550781	79.91991424560547	0.6092894077301025	-1.5589390993118286	28.957561492919922	0.04272938519716263	-0.003368131583556533	1.428057074546814	0.9754301309585571	1.4640448093414307	0.10799195617437363	0.10000000149011612	0.09203806519508362	-0.005130719393491745	-0.0013225170550867915
2017-04-08	90.07881164550781	79.91991424560547	0.5868446826934814	-1.5462472438812256	28.78174591064453	0.100653737783432	-0.005653366446495056	1.4246783256530762	0.9798671007156372	1.4539586305618286	0.015766477212309837	0.09666666388511658	0.0907435342669487	-0.0005230966489762068	0.0001779708545655012
2017-04-09	90.07881164550781	79.91991424560547	0.44998276233673096	-1.545078158378601	28.698156356811523	0.07034604996442795	-0.006913825403898954	1.436123013496399	0.9856226444244385	1.457070231437683	0.010056622326374054	0.10000000149011612	0.09076762944459915	-0.0002824262483045459	0.0017307938542217016
2017-04-10	90.07881164550781	79.91991424560547	0.40782931447029114	-1.5431665182113647	28.672609329223633	0.0942062959074974	-0.004707635845988989	1.4501641988754272	0.9887290596961975	1.4666937589645386	0.011597882024943829	0.10000000149011612	0.09130502492189407	-0.0004721886070910841	0.0016505970852449536
2017-04-11	90.07881164550781	79.91991424560547	0.49815812706947327	-1.540805459022522	28.63192367553711	0.10693250596523285	-0.0023159801494330168	1.4595171213150024	0.9896386861801147	1.4747992753982544	0.012414353899657726	0.10000000149011612	0.09160822629928589	-0.0029176436364650726	0.00039590662345290184
2017-04-12	90.07881164550781	79.91991424560547	0.5989028215408325	-1.5407084226608276	28.619808197021484	0.10401765257120132	0.005715464241802692	1.3548541069030762	0.9624807238578796	1.4073498249053955	0.01849326863884926	0.06666667014360428	0.08604837954044342	-0.02800554409623146	-0.02134489268064499
2017-04-13	90.07881164550781	79.91991424560547	0.5530624389648438	-1.5379084348678589	28.570890426635742	0.1157427653670311	0.01116969995200634	1.2911739349365234	0.9678237438201904	1.3341811895370483	0.05219200998544693	0.10000000149011612	0.07988181710243225	-0.004371893126517534	0.0019573387689888477
2017-04-14	90.07881164550781	79.91991424560547	0.49238234758377075	-1.5349684953689575	28.524656295776367	0.1028924360871315	0.017899464815855026	1.3109148740768433	0.9836559891700745	1.332690954208374	0.052145909518003464	0.10000000149011612	0.07908260077238083	-0.0013940195785835385	0.006448619533330202
2017-04-15	90.07881164550781	79.91991424560547	0.47109878063201904	-1.528609037399292	28.4841365814209	0.08894041180610657	0.020879212766885757	1.3325198888778687	0.9879884719848633	1.3487212657928467	0.038182880729436874	0.10000000149011612	0.07953672856092453	-0.0003816065436694771	0.0019112268928438425
2017-04-16	90.07881164550781	79.91991424560547	0.41152268648147583	-1.530375361442566	28.447792053222656	0.07255158573389053	0.022553129121661186	1.3446345329284668	0.9867852926254272	1.362643837928772	0.02781340666115284	0.10000000149011612	0.08006216585636139	-0.0005158833228051662	0.0005516524543054402
2017-04-17	90.07881164550781	79.91991424560547	0.42212510108947754	-1.5255581140518188	28.424514770507812	0.059946391731500626	0.02316335402429104	1.3493705987930298	0.9822819232940674	1.373716115951538	0.01943022757768631	0.10000000149011612	0.08196057379245758	-0.003971926402300596	0.0022353511303663254
2017-04-18	90.07881164550781	79.91991424560547	0.4378584623336792	-1.5262694358825684	28.404516220092773	0.04414178803563118	0.020251460373401642	1.3527536392211914	0.9767089486122131	1.3850159645080566	0.014937137253582478	0.10000000149011612	0.08710810542106628	-0.0030740867368876934	0.002228994620963931
2017-04-19	90.07881164550781	79.91991424560547	0.4977240264415741	-1.5268464088439941	28.38214683532715	0.04296122118830681	0.014249315485358238	1.3535245656967163	0.9725512266159058	1.3917258977890015	0.01391038578003645	0.10000000149011612	0.09020277857780457	-0.0033633075654506683	0.001156066544353962
2017-04-20	90.07881164550781	79.91991424560547	0.5148040056228638	-1.524370551109314	28.346355438232422	0.0441734716296196	0.004750246647745371	1.3550281524658203	0.9716951251029968	1.3945016860961914	0.016859160736203194	0.10000000149011612	0.090023472905159	-0.0011556685203686357	0.001902070245705545
2017-04-21	90.07881164550781	79.91991424560547	0.5408536195755005	-1.5224323272705078	28.3084716796875	0.0407024547457695	-0.0031835443805903196	1.3619239330291748	0.9743282794952393	1.397809386253357	0.021256469190120697	0.10000000149011612	0.08985188603401184	-0.0008852836908772588	0.0023674091789871454
2017-04-22	90.07881164550781	79.91991424560547	0.5045926570892334	-1.5209623575210571	28.28574562072754	0.0294966883957386	-0.0037818404380232096	1.3691009283065796	0.973915159702301	1.4057698249816895	0.02127479948103428	0.10000000149011612	0.09140880405902863	-0.0003223128733225167	0.0017911302857100964
2017-04-23	90.07881164550781	79.91991424560547	0.6424301862716675	-1.51631760597229	28.23771095275879	0.09239210933446884	0.0017498082015663385	1.4102773666381836	0.9704217314720154	1.4533793926239014	0.02197464555501938	0.10000000149011612	0.09726041555404663	-0.026419654488563538	0.049103032797575
2017-04-24	90.07881164550781	79.91991424560547	0.6501755714416504	-1.5167558193206787	28.202228546142578	0.06502988934516907	-0.00303888157941401	1.509586215019226	0.9633156657218933	1.5670846700668335	0.024825414642691612	0.10000000149011612	0.10784544050693512	-0.0002173658285755664	0.036112360656261444
2017-04-25	90.07881164550781	79.91991424560547	0.62240070104599	-1.515273928642273	28.202007293701172	0.08753570914268494	-0.008594226092100143	1.5596356391906738	0.9735596179962158	1.601956844329834	0.027871720492839813	0.10000000149011612	0.11045397073030472	0.013736597262322903	0.008784039877355099
2017-04-26	90.07881164550781	79.91991424560547	0.6379967927932739	-1.5149264335632324	28.194488525390625	0.10401729494333267	-0.00946001522243023	1.5865644216537476	0.9839131236076355	1.612504482269287	0.02872776798903942	0.10000000149011612	0.11124670505523682	0.0014096831437200308	0.0018407953903079033
2017-04-27	90.07881164550781	79.91991424560547	0.5806792378425598	-1.5150489807128906	28.185016632080078	0.11106539517641068	-0.0010252476204186678	1.591902494430542	0.9838899374008179	1.6179680824279785	0.021391915157437325	0.10000000149011612	0.11161155253648758	0.0001005046142381616	-0.0003232183516956866
2017-04-28	90.07881164550781	79.91991424560547	0.6373818516731262	-1.5118820667266846	28.174144744873047	0.12097188085317612	0.00974879041314125	1.5978012084960938	0.984099805355072	1.6236188411712646	0.017536789178848267	0.10000000149011612	0.11246594786643982	-0.0003806379099842161	0.00323145161382854
2017-04-29	90.07881164550781	79.91991424560547	0.6246424317359924	-1.512999176979065	28.156883239746094	0.10983168333768845	0.02010057494044304	1.6028579473495483	0.9824536442756653	1.6314853429794312	0.014009155333042145	0.10000000149011612	0.11346492916345596	-0.00027425086591392756	0.0008729059481993318
2017-04-30	90.07881164550781	79.91991424560547	0.5483922362327576	-1.5115933418273926	28.13976287841797	0.09108336269855499	0.027240775525569916	1.6057984828948975	0.9811093211174011	1.636717677116394	0.01161575224250555	0.10000000149011612	0.11373090744018555	-0.00035052126622758806	-8.045954746194184e-05
2017-05-01	90.07881164550781	79.91991424560547	0.38200491666793823	-1.5117452144622803	28.121030807495117	0.05237257480621338	0.02837955765426159	1.5997768640518188	0.9785506129264832	1.6348451375961304	0.010933280922472477	0.10000000149011612	0.11288747936487198	-0.001998868538066745	-0.0028325626626610756
2017-05-02	90.07881164550781	79.91991424560547	0.4212387502193451	-1.5066609382629395	28.094249725341797	0.04174888879060745	0.02976309135556221	1.6043109893798828	0.9799491763114929	1.637138843536377	0.01202201098203659	0.10000000149011612	0.1125931665301323	0.004878811072558165	0.010269873775541782
2017-05-03	90.07881164550781	79.91991424560547	0.4384136199951172	-1.5091322660446167	28.057865142822266	0.014268497005105019	0.020709244534373283	1.6966549158096313	0.9825672507286072	1.7267261743545532	0.008174127899110317	0.10000000149011612	0.11917074024677277	0.02745460905134678	0.054888397455215454
2017-05-04	90.07881164550781	79.91991424560547	0.4482903480529785	-1.5066293478012085	28.043630599975586	-0.003791460068896413	0.009332523681223392	1.7518712282180786	0.9812875390052795	1.7852882146835327	0.011687828227877617	0.10000000149011612	0.1229347512125969	0.006374115124344826	0.026880504563450813
2017-05-05	90.07881164550781	79.91991424560547	0.4974372982978821	-1.5055173635482788	28.012006759643555	0.050912562757730484	0.006227375939488411	1.741878867149353	0.9730330109596252	1.7901335954666138	0.016067730262875557	0.10000000149011612	0.1254386305809021	-0.03299584239721298	0.04564987123012543
2017-05-06	90.07881164550781	79.91991424560547	0.47473183274269104	-1.5034849643707275	27.96734046936035	0.04888863116502762	-0.013147884979844093	1.6993244886398315	0.9430341124534607	1.802050232887268	0.02235068753361702	0.10000000149011612	0.132139652967453	-0.04439195990562439	0.07971733808517456
2017-05-07	90.07881164550781	79.91991424560547	0.48017972707748413	-1.5025386810302734	27.951833724975586	0.05394212529063225	-0.014081594534218311	1.6382969617843628	0.9225325584411621	1.775834560394287	0.04064779356122017	0.10000000149011612	0.13284932076931	-0.03780215233564377	0.021907592192292213
2017-05-08	90.07881164550781	79.91991424560547	0.47338810563087463	-1.5026631355285645	27.950815200805664	0.06201140955090523	-0.008445987477898598	1.5391608476638794	0.9064304828643799	1.6980277299880981	0.07366445660591125	0.10000000149011612	0.12985514104366302	-0.01999739371240139	0.001574473106302321
2017-05-09	90.07881164550781	79.91991424560547	0.4485008120536804	-1.5015405416488647	27.94916534423828	0.08181591331958771	-0.006751932669430971	1.4888672828674316	0.9085206985473633	1.638811469078064	0.09523163735866547	0.10000000149011612	0.1277790367603302	-0.007968809455633163	0.0008390749571844935
2017-05-10	90.07881164550781	79.91991424560547	0.4168679416179657	-1.5015681982040405	27.940673828125	0.08897101134061813	-0.003020788310095668	1.4734543561935425	0.9151267409324646	1.6101237535476685	0.10056854039430618	0.10000000149011612	0.12589657306671143	-0.0019503469811752439	-0.0002473015629220754
2017-05-11	90.07881164550781	79.91991424560547	0.394084632396698	-1.501204490661621	27.93582534790039	0.08650842308998108	0.0063107432797551155	1.4646528959274292	0.9184690713882446	1.5946687459945679	0.09928922355175018	0.10000000149011612	0.1251082867383957	-0.0014087744057178497	-0.0005881666438654065
2017-05-12	90.07881164550781	79.91991424560547	0.41834303736686707	-1.5014479160308838	27.93246841430664	0.08831504732370377	0.011683885008096695	1.4569306373596191	0.9202829003334045	1.5831575393676758	0.09841570258140564	0.10000000149011612	0.12549841403961182	-0.0006177609320729971	-0.0015264429384842515
2017-05-13	90.07881164550781	79.91991424560547	0.46283626556396484	-1.502016305923462	27.93648338317871	0.07843178510665894	0.019124632701277733	1.4220787286758423	0.9209784865379333	1.5440878868103027	0.11139571666717529	0.10000000149011612	0.1227223202586174	-0.002104856539517641	-0.016676438972353935
2017-05-14	90.07881164550781	79.91991424560547	0.458236426115036	-1.5017787218093872	27.931230545043945	0.07272813469171524	0.022329028695821762	1.39774751663208	0.9290446043014526	1.5045512914657593	0.11939362436532974	0.10000000149011612	0.11878219246864319	0.0012900742003694177	-0.009923558682203293
2017-05-15	90.07881164550781	79.91991424560547	0.4655384421348572	-1.5009833574295044	27.931243896484375	0.06464524567127228	0.02436271496117115	1.4013069868087769	0.9417387843132019	1.4880114793777466	0.11384262889623642	0.10000000149011612	0.12160981446504593	-2.5211000320268795e-05	0.000686582294292748
2017-05-16	90.07881164550781	79.91991424560547	0.5442770719528198	-1.4970784187316895	27.92353630065918	0.05444691702723503	0.021685587242245674	1.4081835746765137	0.9480406641960144	1.4853622913360596	0.10206074267625809	0.10000000149011612	0.127789705991745	1.3156002751202323e-05	0.0006237527704797685
2017-05-17	90.07881164550781	79.91991424560547	0.6010467410087585	-1.4895899295806885	27.895065307617188	0.05563287064433098	0.017530087381601334	1.406042456626892	0.9458032250404358	1.4866108894348145	0.09073497354984283	0.10000000149011612	0.1298980414867401	-0.0005657551810145378	-0.002344320062547922
2017-05-18	90.07881164550781	79.91991424560547	0.6140965223312378	-1.4877551794052124	27.869579315185547	0.028893230482935905	0.01822041906416416	1.4015634059906006	0.9431155920028687	1.4860990047454834	0.0870104506611824	0.10000000149011612	0.13107654452323914	-0.0006378621910698712	-0.00031349080381914973
2017-05-19	90.07881164550781	79.91991424560547	0.5966840386390686	-1.4870580434799194	27.85113525390625	0.014737994410097599	0.013478285633027554	1.3999567031860352	0.9414913058280945	1.4869567155838013	0.08583924174308777	0.10000000149011612	0.13248156011104584	-0.0003323124547023326	0.0004188308084849268
2017-05-20	90.07881164550781	79.91991424560547	0.5511006116867065	-1.4862090349197388	27.829357147216797	0.016896259039640427	0.005982165224850178	1.4000821113586426	0.9403782486915588	1.4888501167297363	0.08552511036396027	0.10000000149011612	0.13314451277256012	-0.0010538207134231925	0.002348929177969694
2017-05-21	90.07881164550781	79.91991424560547	0.537056028842926	-1.4859439134597778	27.801437377929688	0.012429023161530495	0.00930714886635542	1.4082930088043213	0.9400837421417236	1.4980509281158447	0.08410179615020752	0.10000000149011612	0.13402386009693146	-0.0006109053501859307	0.012505528517067432
2017-05-22	90.07881164550781	79.91991424560547	0.5241024494171143	-1.4871773719787598	27.774608612060547	0.012784512713551521	0.010514097288250923	1.4545507431030273	0.9350542426109314	1.5556875467300415	0.07211253046989441	0.10000000149011612	0.1392640769481659	0.0032727185171097517	0.03687916696071625
2017-05-23	90.07881164550781	79.91991424560547	0.6109657287597656	-1.4854340553283691	27.757627487182617	0.04998323693871498	-0.007220489904284477	1.483154058456421	0.9184066653251648	1.6149710416793823	0.05445045977830887	0.10000000149011612	0.14596545696258545	-0.0025707087479531765	0.009382723830640316
2017-05-24	90.07881164550781	79.91991424560547	0.6269998550415039	-1.4804890155792236	27.72460174560547	0.07553407549858093	0.0029842862859368324	1.4901381731033325	0.9010029435157776	1.6539214849472046	0.03636884316802025	0.10000000149011612	0.1484214812517166	0.00542460335418582	0.009656279347836971
2017-05-25	90.07881164550781	79.91991424560547	0.5869669318199158	-1.4771413803100586	27.698883056640625	0.10115456581115723	0.006398858968168497	1.5507577657699585	0.9056807160377502	1.7122080326080322	0.021187350153923035	0.10000000149011612	0.15199090540409088	0.010142453014850616	0.016917364671826363
2017-05-26	90.07881164550781	79.91991424560547	0.5357850790023804	-1.4738047122955322	27.675546646118164	0.11521439999341965	0.004354759119451046	1.5857124328613281	0.9063379764556885	1.7495906352996826	0.015229501761496067	0.10000000149011612	0.15527468919754028	-0.0038840468041598797	0.013406990095973015
2017-05-27	90.07881164550781	79.91991424560547	0.501054584980011	-1.4682737588882446	27.638986587524414	0.14582911133766174	0.017490457743406296	1.5050941705703735	0.8626722097396851	1.7446446418762207	0.016505030915141106	0.10000000149011612	0.1582392305135727	-0.023505689576268196	0.04076394438743591
2017-05-28	90.07881164550781	79.91991424560547	0.4344101846218109	-1.466491937637329	27.593313217163086	0.12077411264181137	0.02501758746802807	1.4883512258529663	0.8284550905227661	1.796645998954773	0.011399203911423683	0.10000000149011612	0.16649316251277924	0.011962267570197582	0.05921759828925133
2017-05-29	90.07881164550781	79.91991424560547	0.4575810730457306	-1.4649955034255981	27.5470027923584	0.1018158346414566	0.02508370950818062	1.5158902406692505	0.8207583427429199	1.8469308614730835	0.005185033194720745	0.10000000149011612	0.1753230094909668	0.01728079281747341	0.06692894548177719
2017-05-30	90.07881164550781	79.91991424560547	0.4669342041015625	-1.4624834060668945	27.510677337646484	0.039532847702503204	0.014987215399742126	1.5120912790298462	0.8171066641807556	1.8505301475524902	0.0025702237617224455	0.10000000149011612	0.17519381642341614	-0.00724436342716217	0.05300972983241081
2017-05-31	90.07881164550781	79.91991424560547	0.43860992789268494	-1.4605422019958496	27.470396041870117	-0.016186006367206573	0.006564322859048843	1.4450132846832275	0.7983584403991699	1.809833288192749	0.002609834773465991	0.10000000149011612	0.15272146463394165	-0.026212479919195175	0.038464270532131195
2017-06-01	90.07881164550781	79.91991424560547	0.41839075088500977	-1.4544763565063477	27.394550323486328	-0.01070722658187151	0.015145176090300083	1.375400185585022	0.7789806127548218	1.7656196355819702	0.011585373431444168	0.10000000149011612	0.1166035383939743	-0.013092534616589546	0.025313645601272583
2017-06-02	90.07881164550781	79.91991424560547	0.3641292154788971	-1.4456491470336914	27.302505493164062	-0.0246947780251503	0.012383791618049145	1.4361687898635864	0.8080930709838867	1.7771419286727905	0.013353714719414711	0.09995463490486145	0.0642099604010582	0.01983085460960865	0.023165419697761536
2017-06-03	90.07881164550781	79.91991424560547	0.4372013509273529	-1.4342632293701172	27.22601318359375	-0.03581782057881355	0.007085214368999004	1.4919710159301758	0.8199032545089722	1.8195745944976807	0.023180656135082245	0.10000000149011612	0.010028557851910591	0.02902660146355629	-0.009551162831485271
2017-06-04	90.07881164550781	79.91991424560547	0.4270387887954712	-1.4246591329574585	27.163015365600586	-0.00797282811254263	0.00039830905734561384	1.620495080947876	0.8628506064414978	1.8778992891311646	0.006297736428678036	0.10000000149011612	0.0	0.031677890568971634	-0.024145761504769325
2017-06-05	90.07881164550781	79.91991424560547	0.4735479950904846	-1.4105288982391357	27.08000946044922	0.014132053591310978	-0.0029030570294708014	1.6180299520492554	0.8735926151275635	1.8521517515182495	0.0034355204552412033	0.10000000149011612	0.0	0.002981083933264017	-0.011764636263251305
2017-06-06	90.07881164550781	79.91991424560547	0.5270606279373169	-1.3951365947723389	27.074485778808594	-0.0166629608720541	-0.021947117522358894	1.5628409385681152	0.8722978234291077	1.7915891408920288	0.0017928823363035917	0.10000000149011612	0.0	-0.009669729508459568	-0.06297802180051804
2017-06-07	90.07881164550781	79.91991424560547	0.5773695707321167	-1.3773552179336548	27.095834732055664	-0.0038970615714788437	-0.017613815143704414	1.4678009748458862	0.8552200794219971	1.7161768674850464	0.0023212535306811333	0.10000000149011612	0.0	0.006197059061378241	-0.11493656039237976
2017-06-08	90.07881164550781	79.91991424560547	0.6632510423660278	-1.3411575555801392	27.371885299682617	0.12020237743854523	-0.02249951660633087	1.2890832424163818	0.7929376363754272	1.624079942703247	0.010297153145074844	0.10000000149011612	0.0	-0.05416572839021683	-0.17107850313186646
2017-06-09	90.07881164550781	79.91991424560547	0.5684411525726318	-1.314788579940796	27.462766647338867	0.26138025522232056	0.03647740185260773	1.0731874704360962	0.68431156873703	1.5686534643173218	0.01587008312344551	0.10000000149011612	0.0	-0.12366002798080444	0.19886280596256256
2017-06-10	90.07881164550781	79.91991424560547	0.49941909313201904	-1.3229002952575684	27.317665100097656	0.15029039978981018	0.02403622306883335	0.8734075427055359	0.5709501504898071	1.5277479887008667	0.016097908839583397	0.10000000149011612	0.0	-0.06850231438875198	0.1778760403394699
2017-06-11	90.07881164550781	79.91991424560547	0.6645843982696533	-1.3085918426513672	27.263092041015625	0.220231831073761	0.010095417499542236	0.7076188325881958	0.5099217295646667	1.3841062784194946	0.029559658840298653	0.09999638050794601	0.010981332510709763	-0.12874136865139008	0.08992094546556473
2017-06-12	90.07881164550781	79.91991424560547	0.5919831991195679	-1.3168418407440186	27.094802856445312	0.07447931915521622	0.014236338436603546	0.8352148532867432	0.6314964294433594	1.3225140571594238	0.02674192190170288	0.10000000149011612	0.019917631521821022	0.0031549138948321342	0.132877916097641
2017-06-13	90.07881164550781	79.91991424560547	0.626166045665741	-1.322454571723938	26.96155548095703	0.08741863071918488	0.04039715602993965	0.8895328640937805	0.6713743805885315	1.3249326944351196	0.03126053139567375	0.10000000149011612	1.0663405191735364e-05	0.04947729408740997	0.09546389430761337
2017-06-14	90.07881164550781	79.91991424560547	0.6826925873756409	-1.3136377334594727	26.808900833129883	0.0700356513261795	0.005395584739744663	0.869179904460907	0.6525983214378357	1.3318971395492554	0.0283943060785532	0.10000000149011612	0.0	-0.0029476620256900787	0.07456590235233307
2017-06-15	90.07881164550781	79.91991424560547	0.7442771196365356	-1.3119820356369019	26.68206214904785	0.04361473768949509	0.005115741863846779	0.9044709801673889	0.6605188250541687	1.3689682483673096	0.017699912190437317	0.10000000149011612	0.0	-0.010966287925839424	0.13878507912158966
2017-06-16	90.07881164550781	79.91991424560547	0.7746999859809875	-1.2534809112548828	26.847042083740234	-0.14535483717918396	-0.041310153901576996	0.9053885340690613	0.6623502969741821	1.3664672374725342	0.01848788559436798	0.10000000149011612	0.0	-0.012350747361779213	-0.07101253420114517
2017-06-17	90.07881164550781	79.91991424560547	0.7451066970825195	-1.2205950021743774	26.95092010498047	-0.13170190155506134	0.012722342275083065	0.6748105883598328	0.5203883647918701	1.296872854232788	0.048152726143598557	0.09996423125267029	2.9924456246277487e-09	0.08166056126356125	-0.18726378679275513
2017-06-18	90.07881164550781	79.91991424560547	0.7694835066795349	-1.1921838521957397	26.908477783203125	-0.1061750054359436	0.02831837721168995	0.5287241339683533	0.4190868139266968	1.2610152959823608	0.03000139445066452	0.09999468922615051	1.5153838184289725e-09	0.11242033541202545	-0.07539533823728561
2017-06-19	90.07881164550781	79.91991424560547	0.7269877791404724	-1.1726245880126953	26.887496948242188	-0.10783472657203674	0.03567296266555786	0.5252910256385803	0.42676424980163574	1.2305428981781006	0.015348494984209538	0.09996883571147919	1.7333709578792877e-08	0.1548115760087967	-0.06896630674600601
2017-06-20	90.07881164550781	79.91991424560547	0.7443079948425293	-1.1525245904922485	26.852209091186523	-0.06829213351011276	0.03698847070336342	0.47794726490974426	0.42130351066589355	1.130858063697815	0.0054869744926691055	0.10000000149011612	4.472852651815629e-06	0.11279752105474472	-0.05173438787460327
2017-06-21	90.07881164550781	79.91991424560547	0.7376917004585266	-1.133881688117981	26.812288284301758	-0.015447665937244892	0.06139564514160156	0.24853244423866272	0.24388743937015533	1.0293680429458618	0.01936384290456772	0.10000000149011612	3.7207388231763616e-05	0.090944305062294	-0.03464828431606293
2017-06-22	90.07881164550781	79.91991424560547	0.6968594193458557	-1.1236965656280518	26.80063247680664	0.03469722718000412	0.03991831839084625	0.17200183868408203	0.12647920846939087	1.3595882654190063	0.009240013547241688	0.10000000149011612	6.8815115810139105e-06	0.0789949893951416	-0.04204429313540459
2017-06-23	90.07881164550781	79.91991424560547	0.584322452545166	-1.1138107776641846	26.774093627929688	0.08260706067085266	0.02046842873096466	0.22396129369735718	0.1561116725206375	1.4345778226852417	0.004159977659583092	0.10000000149011612	8.815149340080097e-05	0.10131549090147018	-0.061324555426836014
2017-06-24	90.07881164550781	79.91991424560547	0.6845152378082275	-1.1425094604492188	26.66254234313965	0.19548183679580688	0.005382646340876818	0.23431143164634705	0.17318883538246155	1.3593461513519287	0.003652866929769516	0.10000000149011612	8.738845281186514e-06	-0.030331265181303024	0.029587440192699432
2017-06-25	90.07881164550781	79.91991424560547	0.6683658957481384	-1.164436936378479	26.564741134643555	0.12222996354103088	-0.0015278200153261423	0.24118460714817047	0.21838243305683136	1.1047345399856567	0.009043064899742603	0.10000000149011612	1.3013925581617514e-07	-0.06321269273757935	0.006783117540180683
2017-06-26	90.07881164550781	79.91991424560547	0.6918991804122925	-1.1707422733306885	26.43930435180664	0.09522196650505066	-0.02450360730290413	0.17489302158355713	0.18213561177253723	0.9566525816917419	0.009181035682559013	0.10000000149011612	2.4207691851074742e-08	-0.014934693463146687	-0.037238385528326035
2017-06-27	90.07881164550781	79.91991424560547	0.5995151996612549	-1.177503228187561	26.32408332824707	0.05173936113715172	0.006402499042451382	0.11342529952526093	0.1338740885257721	0.8458717465400696	0.0070892940275371075	0.09973451495170593	1.4163637374053906e-08	0.025492113083600998	-0.00992618314921856
2017-06-28	90.07881164550781	79.91991424560547	0.6335313320159912	-1.1800365447998047	26.229705810546875	0.007464319933205843	-0.009973256848752499	0.10049447417259216	0.12397313863039017	0.8104007244110107	0.007941572926938534	0.10000000149011612	0.0	0.02369091473519802	0.03385598212480545
2017-06-29	90.07881164550781	79.91991424560547	0.7897095680236816	-1.1768852472305298	26.143234252929688	0.055012453347444534	-0.010665565729141235	0.08202119171619415	0.11183866113424301	0.7314141988754272	0.013307249173521996	0.10000000149011612	0.0	-0.10495513677597046	0.02124115638434887
2017-06-30	90.07881164550781	79.91991424560547	0.7534809708595276	-1.1720534563064575	26.043880462646484	-0.004415546078234911	-0.00823274813592434	0.21644937992095947	0.24113674461841583	0.8871785998344421	0.03161663934588432	0.10000000149011612	0.0	-0.0880730077624321	0.02937542274594307
2017-07-01	90.07881164550781	79.91991424560547	0.6691727042198181	-1.1628496646881104	25.936237335205078	-0.07847194373607635	-0.002798874396830797	0.20640043914318085	0.21133749186992645	0.9875679612159729	0.03193887323141098	0.09983803331851959	2.335185378399274e-10	-0.02133091725409031	-0.038958244025707245
2017-07-02	90.07881164550781	79.91991424560547	0.636012852191925	-1.1189969778060913	25.865304946899414	-0.07593974471092224	-0.01815677061676979	0.0721670612692833	0.06056096777319908	1.2386195659637451	0.006520286202430725	0.09981770068407059	1.6881327447038075e-09	-0.019535405561327934	-0.07414398342370987
2017-07-03	90.07881164550781	79.91991424560547	0.6496630311012268	-1.0751327276229858	25.825647354125977	-0.03494296967983246	0.016118822619318962	0.016102982684969902	0.017638737335801125	0.8537470102310181	0.0007603420526720583	0.09129851311445236	1.0012041862239585e-08	-0.027175545692443848	-0.05258876830339432
2017-07-04	90.07881164550781	79.91991424560547	0.6340668797492981	-0.8048447370529175	25.821826934814453	-0.013840025290846825	0.015419431030750275	0.00011863480904139578	8.130635978886858e-05	0.12649282813072205	0.0	0.0	9.858308830726359e-14	-0.0034240959212183952	-0.025730300694704056
2017-07-05	90.07881164550781	79.91991424560547	0.6277983784675598	-0.481201708316803	25.834068298339844	0.024847865104675293	0.08628470450639725	0.0	0.0	0.0	0.0	0.0	0.0	0.0	0.0
2017-07-06	90.07881164550781	79.91991424560547	0.6103379726409912	-0.20208506286144257	25.84793472290039	0.028103679418563843	0.04427241533994675	0.0	0.0	0.0	0.0	0.0	0.0	0.0	0.0
2017-07-07	90.07881164550781	79.91991424560547	0.5533779859542847	0.03860807418823242	25.874448776245117	0.05822821706533432	0.02486337535083294	0.0	0.0	0.0	0.0	0.0	0.0	0.0	0.0
2017-07-08	90.07881164550781	79.91991424560547	0.6391332149505615	0.03803759813308716	26.014368057250977	0.11751793324947357	0.07012664526700974	0.0	0.0	0.0	0.0	0.0	0.0	0.0	0.0
2017-07-09	90.07881164550781	79.91991424560547	0.663139283657074	0.16159236431121826	26.025306701660156	0.0622418150305748	0.01121313776820898	0.0	0.0	0.0	0.0	0.0	0.0	0.003777678357437253	-0.0001939879439305514
2017-07-10	90.07881164550781	79.91991424560547	0.6393184065818787	0.2670009136199951	26.03940200805664	0.0864764153957367	0.011929234489798546	0.0	0.0	0.0	0.0	0.0	0.0	0.0	0.0
2017-07-11	90.07881164550781	79.91991424560547	0.6216963529586792	0.2534172832965851	26.021770477294922	0.09723836183547974	0.014587475918233395	0.0	0.0	0.0	0.0	0.0	0.0	0.007606068160384893	-0.0003905799821950495
2017-07-12	90.07881164550781	79.91991424560547	0.5849393606185913	0.03930782526731491	26.014490127563477	0.06231696903705597	0.0024973091203719378	0.0	0.0	0.0	0.0	0.0	0.0	0.01035885140299797	0.01825103722512722
2017-07-13	90.07881164550781	79.91991424560547	0.5315739512443542	0.08759226649999619	26.009111404418945	0.06440963596105576	0.028359076008200645	0.0	0.0	0.0	0.0	0.0	0.0	0.009978829883038998	-0.0005124238668940961
2017-07-14	90.07881164550781	79.91991424560547	0.5928584933280945	-0.07144709676504135	26.257591247558594	0.01936676725745201	0.051634833216667175	0.0	0.0	0.0	0.0	0.0	0.0	0.0	0.0
2017-07-15	90.07881164550781	79.91991424560547	0.5913665890693665	-0.022296102717518806	26.280500411987305	-0.09130008518695831	0.0004038709157612175	0.0	0.0	0.0	0.0	0.0	0.0	0.0035567879676818848	-0.00018264498794451356
2017-07-16	90.07881164550781	79.91991424560547	0.5548868775367737	0.10145451873540878	26.300155639648438	-0.08767250925302505	0.008893906138837337	0.0	0.0	0.0	0.0	0.0	0.0	0.0	0.0
2017-07-17	90.07881164550781	79.91991424560547	0.6037676930427551	0.27125081419944763	26.28106117248535	-0.05455101653933525	0.02422945946455002	0.0	0.0	0.0	0.0	0.0	0.0	0.0	0.0
2017-07-18	90.07881164550781	79.91991424560547	0.5354463458061218	0.34537363052368164	26.248878479003906	-0.0593721866607666	0.020253611728549004	0.0	0.0	0.0	0.0	0.0	0.0	0.0	0.0
2017-07-19	90.07881164550781	79.91991424560547	0.5312286615371704	0.38975104689598083	26.232118606567383	-0.02857816405594349	0.052077073603868484	0.0	0.0	0.0	0.0	0.0	0.0	0.0	0.0
2017-07-20	90.07881164550781	79.91991424560547	0.5937418937683105	0.29549095034599304	26.23539161682129	-0.024392148479819298	0.03624410554766655	0.0	0.0	0.0	0.0	0.0	0.0	0.0	0.0
2017-07-21	90.07881164550781	79.91991424560547	0.6353577375411987	0.2704983651638031	26.238296508789062	0.007786925416439772	0.03569352254271507	0.0	0.0	0.0	0.0	0.0	0.0	0.0016745708417147398	-0.003693009028211236
2017-07-22	90.07881164550781	79.91991424560547	0.5559241771697998	0.43145397305488586	26.260066986083984	0.06165144219994545	0.025648364797234535	0.0	0.0	0.0	0.0	0.0	0.0	0.0	0.0
2017-07-23	90.07881164550781	79.91991424560547	0.6741164922714233	0.4064560532569885	26.316242218017578	0.07436776906251907	0.021053073927760124	0.0	0.0	0.0	0.0	0.0	0.0	0.0	0.0
2017-07-24	90.07881164550781	79.91991424560547	0.6653012633323669	0.4882734715938568	26.3397216796875	0.10415515303611755	0.005307395476847887	0.0	0.0	0.0	0.0	0.0	0.0	0.0	0.0
2017-07-25	90.07881164550781	79.91991424560547	0.6574208736419678	0.47497618198394775	26.37596321105957	0.06388087570667267	-0.017314886674284935	0.0	0.0	0.0	0.0	0.0	0.0	0.0015369112370535731	-7.892208668636158e-05
2017-07-26	90.07881164550781	79.91991424560547	0.6406241059303284	0.5018113255500793	26.41260528564453	0.029815101996064186	-0.001461187144741416	0.0	0.0	0.0	0.0	0.0	0.0	0.004991244990378618	-0.0002563059388194233
2017-07-27	90.07881164550781	79.91991424560547	0.6040005087852478	0.5965294241905212	26.433855056762695	-0.0021859619300812483	-0.0048175412230193615	0.0	0.0	0.0	0.0	0.0	0.0	0.0	0.0
2017-07-28	90.07881164550781	79.91991424560547	0.6401385068893433	0.706303060054779	26.428701400756836	-0.022806944325566292	-0.006582192610949278	0.0	0.0	0.0	0.0	0.0	0.0	0.0	0.0
2017-07-29	90.07881164550781	79.91991424560547	0.6901072263717651	0.8421257734298706	26.424545288085938	-0.06065439432859421	-0.010998888872563839	0.0	0.0	0.0	0.0	0.0	0.0	0.0	0.0
2017-07-30	90.07881164550781	79.91991424560547	0.6915609240531921	0.8731479048728943	26.406784057617188	-0.031237151473760605	0.007526841945946217	0.0	0.0	0.0	0.0	0.0	0.0	0.0	0.0
2017-07-31	90.07881164550781	79.91991424560547	0.664138674736023	0.7851404547691345	26.40259552001953	-0.05164365470409393	-0.029040224850177765	0.0	0.0	0.0	0.0	0.0	0.0	0.0	0.0
2017-08-01	90.07881164550781	79.91991424560547	0.7570260167121887	0.6716193556785583	26.34785270690918	-0.004489898215979338	0.0007657170062884688	0.0	0.0	0.0	0.0	0.0	0.0	0.0	0.0
2017-08-02	90.07881164550781	79.91991424560547	0.676493763923645	0.6815570592880249	26.349151611328125	-0.04867430776357651	0.0075058406218886375	0.0	0.0	0.0	0.0	0.0	0.0	0.0	0.0
2017-08-03	90.07881164550781	79.91991424560547	0.6340416669845581	0.820896565914154	26.359853744506836	-0.012514518573880196	0.02365840971469879	0.0	0.0	0.0	0.0	0.0	0.0	0.0	0.0
2017-08-04	90.07881164550781	79.91991424560547	0.6260252594947815	0.9188058972358704	26.364181518554688	0.013425765559077263	0.03214036300778389	0.0	0.0	0.0	0.0	0.0	0.0	0.0	0.0
2017-08-05	90.07881164550781	79.91991424560547	0.6168573498725891	0.8587964773178101	26.38785743713379	0.011507933028042316	0.03585444390773773	0.0	0.0	0.0	0.0	0.0	0.0	0.0	0.0
2017-08-06	90.07881164550781	79.91991424560547	0.6347760558128357	0.9219805002212524	26.424522399902344	0.013926769606769085	0.015429605729877949	0.0	0.0	0.0	0.0	0.0	0.0	0.0	0.0
2017-08-07	90.07881164550781	79.91991424560547	0.6098119020462036	1.001360535621643	26.45948600769043	0.026460697874426842	0.009074295870959759	0.0	0.0	0.0	0.0	0.0	0.0	0.0	0.0
2017-08-08	90.07881164550781	79.91991424560547	0.6172505021095276	1.0735580921173096	26.495100021362305	0.053896110504865646	-0.008214813657104969	0.0	0.0	0.0	0.0	0.0	0.0	0.0	0.0
2017-08-09	90.07881164550781	79.91991424560547	0.5469707250595093	1.13918137550354	26.483047485351562	0.09393778443336487	0.020096737891435623	0.0	0.0	0.0	0.0	0.0	0.0	0.0	0.0
2017-08-10	90.07881164550781	79.91991424560547	0.4685053825378418	1.1535221338272095	26.46929359436035	0.06852887570858002	-0.009358439594507217	0.0	0.0	0.0	0.0	0.0	0.0	0.0	0.0
2017-08-11	90.07881164550781	79.91991424560547	0.5944142937660217	1.1157580614089966	26.503292083740234	0.08365405350923538	-0.029226496815681458	0.0	0.0	0.0	0.0	0.0	0.0	0.0	0.0
2017-08-12	90.07881164550781	79.91991424560547	0.6763441562652588	1.063189148902893	26.396800994873047	0.07173008471727371	-0.018582116812467575	0.0	0.0	0.0	0.0	0.0	0.0	0.0	0.0
2017-08-13	90.07881164550781	79.91991424560547	0.6982446908950806	1.038423776626587	26.362424850463867	-0.03851538151502609	-0.03852175176143646	0.0	0.0	0.0	0.0	0.0	0.0	0.0	0.0
2017-08-14	90.07881164550781	79.91991424560547	0.6134626865386963	1.031904935836792	26.368852615356445	-0.05370239540934563	0.008009329438209534	0.0	0.0	0.0	0.0	0.0	0.0	0.0	0.0
2017-08-15	90.07881164550781	79.91991424560547	0.7723724246025085	1.0302889347076416	26.315462112426758	0.024116234853863716	0.013163411058485508	0.0	0.0	0.0	0.0	0.0	0.0	0.0	0.0
2017-08-16	90.07881164550781	79.91991424560547	0.765030026435852	0.9963481426239014	26.24178123474121	-0.04431397467851639	0.02578308805823326	0.0	0.0	0.0	0.0	0.0	0.0	0.0	0.0
2017-08-17	90.07881164550781	79.91991424560547	0.7413603067398071	1.000598430633545	26.225412368774414	-0.026006530970335007	0.03956938907504082	0.0	0.0	0.0	0.0	0.0	0.0	0.0	0.0
2017-08-18	90.07881164550781	79.91991424560547	0.7336182594299316	1.0074301958084106	26.21692657470703	0.029996247962117195	0.04370321333408356	0.0	0.0	0.0	0.0	0.0	0.0	0.0	0.0
2017-08-19	90.07881164550781	79.91991424560547	0.7605553865432739	0.9771950840950012	26.1850528717041	0.06688077747821808	0.051907729357481	0.0	0.0	0.0	0.0	0.0	0.0	0.0	0.0
2017-08-20	90.07881164550781	79.91991424560547	0.7600975632667542	0.965879499912262	26.17919921875	0.10217983275651932	0.03628954291343689	0.0	0.0	0.0	0.0	0.0	0.0	0.0	0.0
2017-08-21	90.07881164550781	79.91991424560547	0.8371046781539917	0.9531763195991516	26.173194885253906	0.17479835450649261	0.03881596401333809	0.0	0.0	0.0	0.0	0.0	0.0	0.0	0.0
2017-08-22	90.07881164550781	79.91991424560547	0.819696307182312	0.9236902594566345	26.13852882385254	0.1473536491394043	0.004720093682408333	0.0	0.0	0.0	0.0	0.0	0.0	0.0	0.0
2017-08-23	90.07881164550781	79.91991424560547	0.7597079277038574	0.890510082244873	26.183212280273438	0.06405314803123474	-0.05840186029672623	0.0	0.0	0.0	0.0	0.0	0.0	0.0	0.0
2017-08-24	90.07881164550781	79.91991424560547	0.6959247589111328	0.8447898626327515	26.275848388671875	0.021174388006329536	-0.023891031742095947	0.0	0.0	0.0	0.0	0.0	0.0	0.0	0.0
2017-08-25	90.07881164550781	79.91991424560547	0.5718086361885071	0.824921190738678	26.24680519104004	0.06494344770908356	0.006161832716315985	0.0	0.0	0.0	0.0	0.0	0.0	0.0	0.0
2017-08-26	90.07881164550781	79.91991424560547	0.5753121972084045	0.8481422662734985	26.199127197265625	0.08589460700750351	0.03331627696752548	0.0	0.0	0.0	0.0	0.0	0.0	0.0	0.0
2017-08-27	90.07881164550781	79.91991424560547	0.6292266845703125	0.8284985423088074	26.231155395507812	0.06751103699207306	0.03850859776139259	0.0	0.0	0.0	0.0	0.0	0.0	0.0	0.0
2017-08-28	90.07881164550781	79.91991424560547	0.5984220504760742	0.8001337051391602	26.23314666748047	0.004815149586647749	-0.0029553782660514116	0.0	0.0	0.0	0.0	0.0	0.0	0.0	0.0
2017-08-29	90.07881164550781	79.91991424560547	0.6610373258590698	0.8001381158828735	26.200048446655273	0.007542287930846214	0.012261171825230122	0.0	0.0	0.0	0.0	0.0	0.0	0.0	0.0
2017-08-30	90.07881164550781	79.91991424560547	0.6997307538986206	0.8148569464683533	26.184337615966797	-0.01006795559078455	0.019473599269986153	0.0	0.0	0.0	0.0	0.0	0.0	0.0	0.0
2017-08-31	90.07881164550781	79.91991424560547	0.754147469997406	0.8369171619415283	26.16570472717285	0.012279653921723366	0.016945190727710724	0.0	0.0	0.0	0.0	0.0	0.0	0.0	0.0
2017-09-01	90.07881164550781	79.91991424560547	0.780235767364502	0.8542245030403137	26.13812828063965	0.016215508803725243	0.01097969152033329	0.0	0.0	0.0	0.0	0.0	0.0	0.0	0.0
2017-09-02	90.07881164550781	79.91991424560547	0.7100671529769897	0.8528887629508972	26.117748260498047	0.022289572283625603	0.006169051397591829	0.0	0.0	0.0	0.0	0.0	0.0	0.0	0.0
2017-09-03	90.07881164550781	79.91991424560547	0.6862937211990356	0.8098013997077942	26.116567611694336	0.04267667979001999	0.015379025600850582	0.0	0.0	0.0	0.0	0.0	0.0	0.0	0.0
2017-09-04	90.07881164550781	79.91991424560547	0.7224184274673462	0.8549468517303467	26.1372013092041	0.10859522968530655	0.03815282881259918	0.0	0.0	0.0	0.0	0.0	0.0	0.0	0.0
2017-09-05	90.07881164550781	79.91991424560547	0.6583647131919861	0.862177312374115	26.09716796875	0.12208722531795502	-0.002408635802567005	0.0	0.0	0.0	0.0	0.0	0.0	0.0	0.0
2017-09-06	90.07881164550781	79.91991424560547	0.5711441040039062	0.8060778379440308	26.073760986328125	0.13388890027999878	-0.00034311911440454423	0.0	0.0	0.0	0.0	0.0	0.0	0.0	0.0
2017-09-07	90.07881164550781	79.91991424560547	0.5302066802978516	0.7263208627700806	26.074787139892578	0.11383581906557083	-0.0026477414648979902	0.0	0.0	0.0	0.0	0.0	0.0	0.0	0.0
2017-09-08	90.07881164550781	79.91991424560547	0.5433716177940369	0.7079923748970032	26.10068702697754	0.08254927396774292	-0.0058996244333684444	0.0	0.0	0.0	0.0	0.0	0.0	0.0	0.0
2017-09-09	90.07881164550781	79.91991424560547	0.5469343662261963	0.6939272880554199	26.130203247070312	0.04349173977971077	0.004262844100594521	0.0	0.0	0.0	0.0	0.0	0.0	0.0	0.0
2017-09-10	90.07881164550781	79.91991424560547	0.5644536018371582	0.7017345428466797	26.15081787109375	0.008880005218088627	-0.01047319732606411	0.0	0.0	0.0	0.0	0.0	0.0	0.0	0.0
2017-09-11	90.07881164550781	79.91991424560547	0.5677012801170349	0.6752389073371887	26.14588737487793	0.00988245103508234	-0.007408405654132366	0.0	0.0	0.0	0.0	0.0	0.0	0.0	0.0
2017-09-12	90.07881164550781	79.91991424560547	0.5688580870628357	0.6493963003158569	26.11897850036621	-0.016152476891875267	-0.011528531089425087	0.0	0.0	0.0	0.0	0.0	0.0	0.0	0.0
2017-09-13	90.07881164550781	79.91991424560547	0.5927212834358215	0.6199555397033691	26.10127830505371	-0.03764648362994194	-0.017591942101716995	0.0	0.0	0.0	0.0	0.0	0.0	0.0	0.0
2017-09-14	90.07881164550781	79.91991424560547	0.5626538991928101	0.5971232056617737	26.06947135925293	-0.040228329598903656	0.006915648002177477	0.0	0.0	0.0	0.0	0.0	0.0	0.0	0.0
2017-09-15	90.07881164550781	79.91991424560547	0.571171224117279	0.48411497473716736	26.03970718383789	-0.02928827330470085	0.027230819687247276	0.0	0.0	0.0	0.0	0.0	0.0	0.0	0.0
2017-09-16	90.07881164550781	79.91991424560547	0.5852314829826355	0.560625433921814	26.036298751831055	2.4452436264255084e-05	0.04227406904101372	0.0	0.0	0.0	0.0	0.0	0.0	0.0	0.0
2017-09-17	90.07881164550781	79.91991424560547	0.6650584936141968	0.5351709723472595	26.041410446166992	0.023988548666238785	0.04182139039039612	0.0	0.0	0.0	0.0	0.0	0.0	0.0	0.0
2017-09-18	90.07881164550781	79.91991424560547	0.6969681978225708	0.4786437749862671	26.06161880493164	0.03719653934240341	0.049172233790159225	0.0	0.0	0.0	0.0	0.0	0.0	0.0	0.0
2017-09-19	90.07881164550781	79.91991424560547	0.8517847657203674	0.40179443359375	26.3300724029541	-0.1549469530582428	-0.04937564581632614	0.0	0.0	0.0	0.0	0.0	0.0	0.0	0.0
2017-09-20	90.07881164550781	79.91991424560547	0.7918240427970886	0.25924497842788696	26.821958541870117	-0.006314971949905157	-0.0368880033493042	0.0	0.0	0.0	0.0	0.0	0.0	0.0	0.0
2017-09-21	90.07881164550781	79.91991424560547	0.7717719078063965	0.13345684111118317	26.91486167907715	0.014883595518767834	-0.032777223736047745	0.0	0.0	0.0	0.0	0.0	0.0	0.0	0.0
2017-09-22	90.07881164550781	79.91991424560547	0.732881486415863	0.03885560482740402	26.989643096923828	0.015965145081281662	-0.007185251452028751	0.0	0.0	0.0	0.0	0.0	0.0	0.0	0.0
2017-09-23	90.07881164550781	79.91991424560547	0.7330479025840759	-0.04345441237092018	27.0271053314209	0.025159530341625214	-0.0020280159078538418	0.0	0.0	0.0	0.0	0.0	0.0	0.0	0.0
2017-09-24	90.07881164550781	79.91991424560547	0.6797389388084412	-0.13821816444396973	27.022594451904297	-0.006754524074494839	-0.02848665602505207	0.0	0.0	0.0	0.0	0.0	0.0	0.0	0.0
2017-09-25	90.07881164550781	79.91991424560547	0.6371460556983948	-0.30914628505706787	27.042587280273438	-0.02953503467142582	0.00896358210593462	0.0	0.0	0.0	0.0	0.0	0.0	0.0	0.0
2017-09-26	90.07881164550781	79.91991424560547	0.6984220743179321	-0.36265552043914795	27.034164428710938	-0.03309735283255577	-0.0404890738427639	0.0	0.0	0.0	0.0	0.0	0.0	0.0	0.0
2017-09-27	90.07881164550781	79.91991424560547	0.6397127509117126	-0.5200039744377136	26.997323989868164	-0.00166594167239964	0.01636040396988392	0.0	0.0	0.0	0.0	0.0	0.0	0.0	0.0
2017-09-28	90.07881164550781	79.91991424560547	0.5974105596542358	-0.6031864285469055	26.98687171936035	-0.013992789201438427	0.04254182055592537	0.0	0.0	0.0	0.0	0.0	0.0	0.0	0.0
2017-09-29	90.07881164550781	79.91991424560547	0.6679733395576477	-0.6300966739654541	27.005117416381836	-0.07396987080574036	0.020346708595752716	0.0	0.0	0.0	0.0	0.0	0.0	0.0	0.0
2017-09-30	90.07881164550781	79.91991424560547	0.6640073657035828	-0.654424250125885	27.140127182006836	-0.18150418996810913	-0.08756577968597412	0.0	0.0	0.0	0.0	0.0	0.0	0.0	0.0
2017-10-01	90.07881164550781	79.91991424560547	0.6207715272903442	-0.6981505155563354	27.28112030029297	-0.025863034650683403	0.015927722677588463	0.0	0.0	0.0	0.0	0.0	0.0	0.0	0.0
2017-10-02	90.07881164550781	79.91991424560547	0.6258862018585205	-0.7217852473258972	27.25771713256836	-0.002462197095155716	0.017441678792238235	0.0	0.0	0.0	0.0	0.0	0.0	0.0	0.0
2017-10-03	90.07881164550781	79.91991424560547	0.678694486618042	-0.7320652604103088	27.2635440826416	0.010133091360330582	0.023859690874814987	0.0	0.0	0.0	0.0	0.0	0.0	0.0	0.0
2017-10-04	90.07881164550781	79.91991424560547	0.7414073944091797	-0.7620335817337036	27.272878646850586	0.06416615098714828	0.028601234778761864	0.0	0.0	0.0	0.0	0.0	0.0	0.0	0.0
2017-10-05	90.07881164550781	79.91991424560547	0.7968047857284546	-0.8027361631393433	27.26805877685547	0.09019644558429718	0.003159060375764966	0.0	0.0	0.0	0.0	0.0	0.0	0.0	0.0
2017-10-06	90.07881164550781	79.91991424560547	0.8067969083786011	-0.9655884504318237	27.28754234313965	0.08257772028446198	-0.016615381464362144	0.0	0.0	0.0	0.0	0.0	0.0	0.0	0.0
2017-10-07	90.07881164550781	79.91991424560547	0.7486574053764343	-1.2364801168441772	27.28662109375	0.1377539336681366	-0.0006937447469681501	0.0	0.0	0.0	0.0	0.0	0.0	-0.0019764327444136143	0.0025320902932435274
2017-10-08	90.07881164550781	79.91991424560547	0.8250719904899597	-1.3417654037475586	27.262737274169922	0.1415328085422516	-0.034461308270692825	5.3635117183148395e-06	5.0595757784321904e-05	0.06827276200056076	0.0	0.0	0.0003763597924262285	0.005026940256357193	0.03920738771557808
2017-10-09	90.07881164550781	79.91991424560547	0.8944504857063293	-1.449342131614685	27.24017906188965	0.01834363490343094	-0.05383576080203056	0.002917475998401642	0.027564890682697296	0.10375264286994934	0.02567053586244583	0.09333333373069763	0.0010636253282427788	-0.05641208961606026	-0.06646203994750977
2017-10-10	90.07881164550781	79.91991424560547	0.8577653169631958	-1.4285868406295776	27.380115509033203	-0.10309632122516632	-0.06746609508991241	0.04026937484741211	0.3749847412109375	0.10685382783412933	0.3482843041419983	0.10000000149011612	0.0007955834153108299	0.029572749510407448	-0.22534669935703278
2017-10-11	90.07881164550781	79.91991424560547	0.7181825637817383	-1.4694803953170776	27.38517189025879	-0.024728039279580116	-0.016539491713047028	0.06598259508609772	0.5670031905174255	0.11631066352128983	0.4768582582473755	0.10000000149011612	0.0009177635074593127	-0.058884091675281525	-0.0740664079785347
2017-10-12	90.07881164550781	79.91991424560547	0.6271246671676636	-1.468711018562317	27.3679256439209	-0.04568462073802948	0.004167936276644468	0.08639644086360931	0.6994126439094543	0.12346837669610977	0.54511559009552	0.10000000149011612	0.0010292469523847103	-0.036947984248399734	0.04123121127486229
2017-10-13	90.07881164550781	79.91991424560547	0.5205196142196655	-1.4690510034561157	27.351181030273438	-0.050683680921792984	0.014443490654230118	0.11028718948364258	0.8659244775772095	0.12731604278087616	0.6551337242126465	0.10000000149011612	0.0014959705295041203	-0.05351677164435387	0.05745638161897659
2017-10-14	90.07881164550781	79.91991424560547	0.48135513067245483	-1.4705801010131836	27.356718063354492	-0.055447280406951904	0.016054147854447365	0.11852847784757614	0.9115695357322693	0.13002550601959229	0.6788233518600464	0.10000000149011612	0.0018286388367414474	-0.0638892650604248	0.0230873953551054
2017-10-15	90.07881164550781	79.91991424560547	0.47782889008522034	-1.4705103635787964	27.355056762695312	-0.014885364100337029	0.025576697662472725	0.12389858812093735	0.9187394380569458	0.1348457932472229	0.655275821685791	0.10000000149011612	0.0010047419928014278	-0.05887080729007721	0.03349536657333374
2017-10-16	90.07881164550781	79.91991424560547	0.5264197587966919	-1.4705488681793213	27.365732192993164	0.015489425510168076	0.01748768985271454	0.1338590830564499	0.931090235710144	0.14376337826251984	0.6038732528686523	0.10000000149011612	0.00044623162830248475	-0.049238864332437515	0.014782995916903019
2017-10-17	90.07881164550781	79.91991424560547	0.5451793074607849	-1.4701987504959106	27.34599494934082	0.09439262747764587	0.01894904486835003	0.14780288934707642	0.9330908060073853	0.1583937704563141	0.5129315853118896	0.10000000149011612	0.0002957282413262874	-0.06391052156686783	0.021795015782117844
2017-10-18	90.07881164550781	79.91991424560547	0.5606222748756409	-1.458208680152893	27.3099365234375	0.12242577224969864	0.019610878080129623	0.16770389676094055	0.9394015669822693	0.1785464584827423	0.40567442774772644	0.10000000149011612	5.8547269873088226e-05	-0.05052708089351654	0.07733733206987381
2017-10-19	90.07881164550781	79.91991424560547	0.7180164456367493	-1.4110398292541504	27.274337768554688	0.24331653118133545	0.014753934927284718	0.18436792492866516	0.9018034934997559	0.20459184050559998	0.28882548213005066	0.10000000149011612	2.668774925496109e-07	-0.10671146959066391	0.13602380454540253
2017-10-20	90.07881164550781	79.91991424560547	0.7442471981048584	-1.343039870262146	27.160877227783203	0.1997227966785431	0.0021277477499097586	0.204098179936409	0.9075202345848083	0.22495539486408234	0.019430968910455704	0.0533333346247673	5.2608115765906405e-06	-0.09448433667421341	0.196867898106575
2017-10-21	90.07881164550781	79.91991424560547	0.7900028824806213	-1.355871558189392	27.131799697875977	0.10759662091732025	-0.012033599428832531	0.20237751305103302	0.823952853679657	0.2456890344619751	8.505640835210215e-06	0.009999999776482582	1.3301616490934975e-05	-0.04039067402482033	0.05308651924133301
2017-10-22	90.07881164550781	79.91991424560547	0.6836089491844177	-1.400534987449646	27.145065307617188	0.03965754061937332	-0.00867422204464674	0.20586541295051575	0.7979410886764526	0.2580004930496216	1.8719329091254622e-06	0.009999999776482582	1.7140782802016474e-05	-0.01799193024635315	-0.05226142704486847
2017-10-23	90.07881164550781	79.91991424560547	0.880379319190979	-1.3890955448150635	27.188966751098633	0.15097983181476593	0.03435894101858139	0.2153586447238922	0.8277088403701782	0.26014626026153564	1.437804621673422e-05	0.0533333346247673	0.0012061859015375376	0.019347356632351875	0.084740549325943
2017-10-24	90.07881164550781	79.91991424560547	0.9317711591720581	-1.2909168004989624	27.061599731445312	0.14591337740421295	-0.029212959110736847	0.23612774908542633	0.8698976635932922	0.2714761197566986	0.0016193524934351444	0.09666666388511658	0.0005999947898089886	-0.10950760543346405	0.2788761258125305
2017-10-25	90.07881164550781	79.91991424560547	0.8874211311340332	-1.3602608442306519	26.95516586303711	0.046409592032432556	-0.0117178400978446	0.25334492325782776	0.8079752922058105	0.3139662444591522	0.0005947930039837956	0.09666666388511658	4.133207039558329e-05	-0.13208451867103577	0.09789889305830002
2017-10-26	90.07881164550781	79.91991424560547	0.8639006614685059	-1.4430813789367676	26.94817543029785	-0.016575125977396965	-0.014351683668792248	0.24538356065750122	0.709716260433197	0.345844566822052	0.007996353320777416	0.0833333358168602	0.000652354268822819	-0.03874415531754494	-0.02307944744825363
2017-10-27	90.07881164550781	79.91991424560547	0.8045482635498047	-1.4478696584701538	26.961896896362305	-0.010163770988583565	0.005152551457285881	0.24020151793956757	0.8198047876358032	0.2938369810581207	0.22152918577194214	0.10000000149011612	0.000875369762070477	-0.01096041314303875	-0.03259912505745888
2017-10-28	90.07881164550781	79.91991424560547	0.8270063400268555	-1.4435409307479858	26.933103561401367	0.05905232951045036	0.0114032793790102	0.2581944763660431	0.8840439915657043	0.29226282238960266	0.2631043493747711	0.10000000149011612	0.0012518615694716573	-0.055774539709091187	0.08528672158718109
2017-10-29	90.07881164550781	79.91991424560547	0.8065841197967529	-1.4412574768066406	26.863037109375	0.03522888198494911	0.010280783288180828	0.3032055199146271	0.9210426211357117	0.3290800154209137	0.1906345635652542	0.10000000149011612	0.001890022773295641	-0.07382640242576599	0.12379510700702667
2017-10-30	90.07881164550781	79.91991424560547	0.7559929490089417	-1.4398349523544312	26.834115982055664	0.0463712178170681	0.026169300079345703	0.32794293761253357	0.9491236805915833	0.34543973207473755	0.1506037563085556	0.10000000149011612	0.0009460910805501044	-0.048405006527900696	0.13593049347400665
2017-10-31	90.07881164550781	79.91991424560547	0.7212175726890564	-1.4373472929000854	26.80376625061035	0.05965641885995865	0.02622537687420845	0.36110007762908936	0.9508867263793945	0.3798660337924957	0.08648078143596649	0.10000000149011612	3.939292946597561e-05	-0.03255696967244148	0.18176209926605225
2017-11-01	90.07881164550781	79.91991424560547	0.7444254159927368	-1.4293694496154785	26.75965690612793	0.10503086447715759	0.034555938094854355	0.38062548637390137	0.9277834892272949	0.410278856754303	0.060372401028871536	0.10000000149011612	5.173132740310393e-05	-0.03576737642288208	0.1941208839416504
2017-11-02	90.07881164550781	79.91991424560547	0.8521119356155396	-1.4338045120239258	26.727712631225586	0.08169158548116684	0.016160139814019203	0.3947069048881531	0.923281729221344	0.4275200664997101	0.020596785470843315	0.09666666388511658	9.200340718962252e-05	-0.030231580138206482	0.12472961097955704
2017-11-03	90.07881164550781	79.91991424560547	0.882803738117218	-1.4334850311279297	26.724700927734375	0.11664386093616486	0.015379229560494423	0.4007425606250763	0.9188591837882996	0.43615931272506714	0.029320210218429565	0.10000000149011612	0.0008482432458549738	-0.039501503109931946	0.051099084317684174
2017-11-04	90.07881164550781	79.91991424560547	0.8912184834480286	-1.4348613023757935	26.72101402282715	0.13816170394420624	0.0021166789811104536	0.40024471282958984	0.9002843499183655	0.44457897543907166	0.040646668523550034	0.10000000149011612	0.0020126840099692345	-0.016022564843297005	0.04873514547944069
2017-11-05	90.07881164550781	79.91991424560547	0.8594678640365601	-1.4347445964813232	26.711923599243164	0.14566773176193237	0.0004887750837951899	0.406421035528183	0.9270197153091431	0.4384545087814331	0.08482006937265396	0.10000000149011612	0.0020839134231209755	-0.03723137080669403	0.0498279333114624
2017-11-06	90.07881164550781	79.91991424560547	0.8100764155387878	-1.4345576763153076	26.716093063354492	0.12426631152629852	0.0003775901277549565	0.4144055247306824	0.9531164169311523	0.4347902238368988	0.11124731600284576	0.10000000149011612	0.002191184787079692	-0.03776929900050163	0.04511183872818947
2017-11-07	90.07881164550781	79.91991424560547	0.6770167946815491	-1.4335747957229614	26.72808837890625	0.07194237411022186	0.00029871182050555944	0.42731595039367676	0.9621555805206299	0.4441215693950653	0.0927969291806221	0.10000000149011612	0.003006761660799384	-0.013613649643957615	0.02017274685204029
2017-11-08	90.07881164550781	79.91991424560547	0.6837718486785889	-1.4357503652572632	26.742944717407227	0.02383466437458992	0.006031687371432781	0.44534164667129517	0.9671915769577026	0.4604281783103943	0.07011885195970535	0.10000000149011612	0.003624675329774618	-0.0020715463906526566	0.0017787192482501268
2017-11-09	90.07881164550781	79.91991424560547	0.7161104679107666	-1.4336031675338745	26.757099151611328	-0.008566305041313171	0.0035808137618005276	0.470123827457428	0.984485387802124	0.47752419114112854	0.05677323788404465	0.10000000149011612	0.003648176556453109	0.0038350254762917757	-0.006908295676112175
2017-11-10	90.07881164550781	79.91991424560547	0.6791704297065735	-1.4343926906585693	26.755962371826172	-0.022463977336883545	0.009270528331398964	0.4882851839065552	0.9805729389190674	0.49797242879867554	0.03733440116047859	0.10000000149011612	0.0038064399268478155	-0.0036278131883591413	-0.0019203403498977423
2017-11-11	90.07881164550781	79.91991424560547	0.6447321772575378	-1.436477541923523	26.754714965820312	-0.024687478318810463	0.015340774320065975	0.5043323636054993	0.9709645509719849	0.5194392800331116	0.022283317521214485	0.10000000149011612	0.005379556678235531	-0.009745564311742783	0.01623082160949707
2017-11-12	90.07881164550781	79.91991424560547	0.5778603553771973	-1.4287844896316528	26.763671875	-0.04442123696208	0.019915571436285973	0.5249953269958496	0.9767736792564392	0.537489652633667	0.025851275771856308	0.10000000149011612	0.006631079595535994	0.0010461462661623955	0.0570322647690773
2017-11-13	90.07881164550781	79.91991424560547	0.5398993492126465	-1.4377906322479248	26.774946212768555	-0.008378038182854652	0.030327940359711647	0.547583281993866	0.9684655666351318	0.5654119253158569	0.019055113196372986	0.10000000149011612	0.0068752034567296505	0.012890167534351349	0.09493905305862427
2017-11-14	90.07881164550781	79.91991424560547	0.5008666515350342	-1.425587773323059	26.779390335083008	0.016043556854128838	0.023207703605294228	0.5614011883735657	0.9899446368217468	0.5671101212501526	0.02605331689119339	0.10000000149011612	0.006112292874604464	0.025111356750130653	0.11841537803411484
2017-11-15	90.07881164550781	79.91991424560547	0.4498521387577057	-1.4231265783309937	26.78264808654785	0.033829040825366974	0.011525735259056091	0.5559449791908264	0.9777761697769165	0.5685871839523315	0.02545713447034359	0.10000000149011612	0.006090536713600159	0.014271115884184837	0.07015929371118546
2017-11-16	90.07881164550781	79.91991424560547	0.47494956851005554	-1.421520709991455	26.796642303466797	0.0657062754034996	0.001511204638518393	0.5656337738037109	0.9682310223579407	0.584213137626648	0.0190786924213171	0.10000000149011612	0.007139304187148809	-0.0025589705910533667	0.012418084777891636
2017-11-17	90.07881164550781	79.91991424560547	0.5170252919197083	-1.42794668674469	26.79607391357422	0.10841306298971176	0.00030527866329066455	0.576657235622406	0.9476945400238037	0.6085399985313416	0.012544109486043453	0.10000000149011612	0.008332102559506893	-0.024276627227663994	0.024068225175142288
2017-11-18	90.07881164550781	79.91991424560547	0.575210452079773	-1.4363932609558105	26.7949161529541	0.11771099269390106	-0.0035639097914099693	0.5897226929664612	0.9368480443954468	0.6294753551483154	0.015538602136075497	0.10000000149011612	0.009355355985462666	-0.02766234800219536	0.030932128429412842
2017-11-19	90.07881164550781	79.91991424560547	0.5779428482055664	-1.4340827465057373	26.80280876159668	0.10652454942464828	-0.0032741702161729336	0.6004963517189026	0.9500235319137573	0.6321246027946472	0.04246083274483681	0.10000000149011612	0.009695540182292461	-0.03023482672870159	0.019657036289572716
2017-11-20	90.07881164550781	79.91991424560547	0.5423493385314941	-1.4406918287277222	26.821239471435547	0.09355463087558746	-0.008438990451395512	0.590644359588623	0.9524467587471008	0.6202428340911865	0.07897425442934036	0.10000000149011612	0.009195443242788315	-0.04102236405014992	0.004323255270719528
2017-11-21	90.07881164550781	79.91991424560547	0.4713648557662964	-1.4410278797149658	26.83258819580078	0.0714917853474617	0.0005372294108383358	0.5517160296440125	0.9616208672523499	0.5737496018409729	0.15381518006324768	0.10000000149011612	0.008034209720790386	-0.03369257226586342	0.002532785525545478
2017-11-22	90.07881164550781	79.91991424560547	0.42846542596817017	-1.4389474391937256	26.823823928833008	0.04107225686311722	0.005574728362262249	0.5462723970413208	0.974153459072113	0.5607659816741943	0.15280692279338837	0.10000000149011612	0.007672661449760199	-0.004032055381685495	0.006498615723103285
2017-11-23	90.07881164550781	79.91991424560547	0.46929076313972473	-1.4388399124145508	26.798635482788086	0.002575897378847003	0.004289737902581692	0.5665392875671387	0.9786550402641296	0.5788814425468445	0.038289815187454224	0.09666666388511658	0.008409522473812103	0.01240397896617651	-0.0053604464046657085
2017-11-24	90.07881164550781	79.91991424560547	0.6484594345092773	-1.4348597526550293	26.798316955566406	-0.004284227266907692	0.0032690789084881544	0.57733553647995	0.9887983798980713	0.5838669538497925	0.002586259273812175	0.08666666597127914	0.007559910882264376	0.053628865629434586	-0.035438038408756256
2017-11-25	90.07881164550781	79.91991424560547	0.7433667778968811	-1.4285624027252197	26.7221622467041	0.0155749237164855	0.009066431783139706	0.5808666348457336	0.9832579493522644	0.5907602310180664	9.279120604333002e-06	0.07666666805744171	0.006663850508630276	-0.0012961854226887226	-1.0624772585288156e-05
2017-11-26	90.07881164550781	79.91991424560547	0.7166076898574829	-1.4286707639694214	26.665008544921875	0.00471739936619997	0.011688305996358395	0.5933970808982849	0.9804795980453491	0.6052135229110718	1.175422539745341e-06	0.10000000149011612	0.006654141936451197	-0.0013296152465045452	0.00294737471267581
2017-11-27	90.07881164550781	79.91991424560547	0.7118403315544128	-1.4300987720489502	26.646236419677734	-0.024276889860630035	0.009585806168615818	0.6037148833274841	0.9824427366256714	0.6145006418228149	0.007840118370950222	0.10000000149011612	0.006581065244972706	-0.002485815202817321	0.00885375402867794
2017-11-28	90.07881164550781	79.91991424560547	0.7188851833343506	-1.427793025970459	26.629945755004883	0.009613734669983387	0.008670125156641006	0.6177867650985718	0.9852309226989746	0.6270498633384705	0.013286438770592213	0.10000000149011612	0.00658589880913496	-0.0021511504892259836	0.003837824100628495
2017-11-29	90.07881164550781	79.91991424560547	0.666093647480011	-1.426900029182434	26.622316360473633	0.06656808406114578	0.025786448270082474	0.647204577922821	0.9810101389884949	0.6597250699996948	0.008257265202701092	0.10000000149011612	0.0072595891542732716	-0.0310245119035244	0.07672937959432602
2017-11-30	90.07881164550781	79.91991424560547	0.6812554597854614	-1.4146854877471924	26.59880828857422	0.10339400917291641	0.027253368869423866	0.752592921257019	0.9801194667816162	0.7679530382156372	0.007596470881253481	0.09666666388511658	0.01084156520664692	-0.0478985570371151	0.21325978636741638
2017-12-01	90.07881164550781	79.91991424560547	0.6725256443023682	-1.4240541458129883	26.533945083618164	0.10134217143058777	0.02193775773048401	0.7541612982749939	0.9549343585968018	0.7897027134895325	0.0004884045338258147	0.09333333373069763	0.010722458362579346	-0.03034384176135063	0.19622227549552917
2017-12-02	90.07881164550781	79.91991424560547	0.6553295850753784	-1.4231693744659424	26.501895904541016	0.10625997930765152	0.010244293138384819	0.8029139637947083	0.9814924001693726	0.8179893493652344	0.028264127671718597	0.10000000149011612	0.00834223348647356	-0.04221966117620468	0.10394023358821869
2017-12-03	90.07881164550781	79.91991424560547	0.7356131672859192	-1.4209370613098145	26.478317260742188	0.11904895305633545	0.005989701021462679	0.8268742561340332	0.9847753047943115	0.8396577835083008	0.054841190576553345	0.10000000149011612	0.011375097557902336	-0.03349841386079788	0.06945180892944336
2017-12-04	90.07881164550781	79.91991424560547	0.7040297389030457	-1.4191443920135498	26.443696975708008	0.1298300176858902	0.00791439414024353	0.8258292078971863	0.9871912598609924	0.8365478515625	0.06651012599468231	0.10000000149011612	0.015901533886790276	-0.032589610666036606	0.058344997465610504
2017-12-05	90.07881164550781	79.91991424560547	0.6640052199363708	-1.4174307584762573	26.42120933532715	0.10735050588846207	0.001869282452389598	0.8253620862960815	0.9890514612197876	0.8344992399215698	0.06344351917505264	0.10000000149011612	0.01797177642583847	-0.019961098209023476	0.022097161039710045
2017-12-06	90.07881164550781	79.91991424560547	0.7097207903862	-1.416368007659912	26.398473739624023	0.0884944349527359	0.00757213681936264	0.8134154081344604	0.9814817905426025	0.8287703990936279	0.0718538910150528	0.10000000149011612	0.018417412415146828	-0.02380114607512951	0.015948113054037094
2017-12-07	90.07881164550781	79.91991424560547	0.6217712759971619	-1.4147450923919678	26.369340896606445	0.04994262009859085	0.011671723797917366	0.811213493347168	0.9879837036132812	0.8210788369178772	0.07544602453708649	0.10000000149011612	0.017776355147361755	-0.008672904223203659	0.00407031923532486
2017-12-08	90.07881164550781	79.91991424560547	0.5216140151023865	-1.4133340120315552	26.35409927368164	0.03379875048995018	0.012992991134524345	0.8088607788085938	0.9866131544113159	0.8198356032371521	0.06588532030582428	0.10000000149011612	0.017121577635407448	-0.01937231607735157	0.013748392462730408
2017-12-09	90.07881164550781	79.91991424560547	0.49255016446113586	-1.4128012657165527	26.33504295349121	0.0020075698848813772	0.01678476668894291	0.8031391501426697	0.9732725620269775	0.8251895904541016	0.0780690610408783	0.10000000149011612	0.016937032341957092	-0.035900015383958817	0.060839708894491196
2017-12-10	90.07881164550781	79.91991424560547	0.5516494512557983	-1.4138846397399902	26.35019874572754	0.017633209004998207	0.015883345156908035	0.8341044187545776	0.978328287601471	0.8526289463043213	0.08932340890169144	0.10000000149011612	0.019313229247927666	-0.0510970763862133	0.10390925407409668
2017-12-11	90.07881164550781	79.91991424560547	0.538469135761261	-1.4114789962768555	26.301984786987305	-0.010653779841959476	0.014790847897529602	0.827284038066864	0.9716572165489197	0.8515169620513916	0.054802823811769485	0.10000000149011612	0.022589711472392082	-0.053080931305885315	0.10363469272851944
2017-12-12	90.07881164550781	79.91991424560547	0.5540100932121277	-1.410618782043457	26.292156219482422	-0.02289891429245472	0.015218328684568405	0.8050464987754822	0.9870223999023438	0.8156331181526184	0.025028297677636147	0.10000000149011612	0.022749779745936394	-0.015009026043117046	0.04374082759022713
2017-12-13	90.07881164550781	79.91991424560547	0.5750250220298767	-1.4108891487121582	26.28655433654785	0.038743335753679276	0.015536615625023842	0.7985068559646606	0.9869334101676941	0.8090789914131165	0.02835642173886299	0.10000000149011612	0.024356871843338013	-0.03147156164050102	0.11800941824913025
2017-12-14	90.07881164550781	79.91991424560547	0.6483027935028076	-1.4058068990707397	26.250762939453125	0.11238086223602295	0.022794201970100403	0.8076248168945312	0.9826818704605103	0.8219842910766602	0.024848198518157005	0.10000000149011612	0.028771158307790756	-0.08621670305728912	0.19693917036056519
2017-12-15	90.07881164550781	79.91991424560547	0.8085808753967285	-1.4037867784500122	26.189821243286133	0.13937291502952576	0.017307579517364502	0.8046271800994873	0.9621458649635315	0.8363200426101685	0.057017065584659576	0.10000000149011612	0.032657258212566376	-0.09048045426607132	0.16184575855731964
2017-12-16	90.07881164550781	79.91991424560547	0.8006194829940796	-1.4007079601287842	26.123830795288086	0.09981030970811844	0.007863960228860378	0.835895836353302	0.9713523387908936	0.8605360388755798	0.05393948405981064	0.10000000149011612	0.03365391865372658	-0.070243239402771	0.1259574294090271
2017-12-17	90.07881164550781	79.91991424560547	0.8391890525817871	-1.4000016450881958	26.102725982666016	0.07882250100374222	0.00036816264037042856	0.8503530025482178	0.9837874174118042	0.8643723726272583	0.06887168437242508	0.10000000149011612	0.03213157132267952	-0.01801624707877636	0.03659931197762489
2017-12-18	90.07881164550781	79.91991424560547	0.869084894657135	-1.3993074893951416	26.094223022460938	0.07386666536331177	-0.000809400575235486	0.8574374318122864	0.9941859841346741	0.8624508380889893	0.06790576130151749	0.10000000149011612	0.030973780900239944	-0.00729565741494298	0.002218910725787282
2017-12-19	90.07881164550781	79.91991424560547	0.8496948480606079	-1.398400902748108	26.078134536743164	0.08623657375574112	0.00435151532292366	0.8622080683708191	0.992637038230896	0.8686054348945618	0.04624277353286743	0.10000000149011612	0.031235696747899055	-0.0038910049479454756	0.0004700596909970045
2017-12-20	90.07881164550781	79.91991424560547	0.8409678339958191	-1.393464207649231	26.097919464111328	0.0921342670917511	0.012007003650069237	0.8702338337898254	0.9878648519515991	0.8809394836425781	0.027615925297141075	0.10000000149011612	0.032012939453125	-0.008334514684975147	0.02341124229133129
2017-12-21	90.07881164550781	79.91991424560547	0.832642138004303	-1.3985289335250854	26.07923698425293	0.09420271217823029	0.021134480834007263	0.8783594965934753	0.966272234916687	0.9090519547462463	0.021348776295781136	0.10000000149011612	0.03248043358325958	-0.022203827276825905	0.1578298658132553
2017-12-22	90.07881164550781	79.91991424560547	0.7394919991493225	-1.3983681201934814	26.07227897644043	0.04447739198803902	0.01502405945211649	0.8500673174858093	0.980539083480835	0.8669882416725159	0.0687427669763565	0.10000000149011612	0.028957748785614967	-0.0035018939524888992	0.10871859639883041
2017-12-23	90.07881164550781	79.91991424560547	0.7216618061065674	-1.3980282545089722	26.07184410095215	0.04886467754840851	0.02819661609828472	0.7919746041297913	0.9861941933631897	0.8030692934989929	0.07892845571041107	0.10000000149011612	0.022152138873934746	0.0008827938581816852	0.1096566915512085
2017-12-24	90.07881164550781	79.91991424560547	0.7002911567687988	-1.397770881652832	26.059961318969727	-0.0008286387892439961	0.013497897423803806	0.70967036485672	0.9857118725776672	0.71993088722229	0.06683815270662308	0.10000000149011612	0.012330690398812294	-0.004166746512055397	0.12038198113441467
2017-12-25	90.07881164550781	79.91991424560547	0.9101967811584473	-1.3956619501113892	26.064123153686523	-0.006016050465404987	0.0017606898909434676	0.6922916173934937	0.9866354465484619	0.7016670107841492	0.06467520445585251	0.10000000149011612	0.010141131468117237	-0.0035421038046479225	-0.003702529240399599
2017-12-26	90.07881164550781	79.91991424560547	0.9711257815361023	-1.3959773778915405	26.04292106628418	0.006912325508892536	0.005889500956982374	0.7088039517402649	0.9824619889259338	0.7214532494544983	0.07962433248758316	0.10000000149011612	0.01275686640292406	-0.0665840357542038	0.03657075762748718
2017-12-27	90.07881164550781	79.91991424560547	1.0077449083328247	-1.393298625946045	26.000024795532227	0.04352051392197609	0.01974416896700859	0.687126874923706	0.9759178161621094	0.704073429107666	0.11848891526460648	0.10000000149011612	0.014662880450487137	-0.014770688489079475	0.05489528551697731
2017-12-28	90.07881164550781	79.91991424560547	0.8765919804573059	-1.381451964378357	25.94838523864746	0.055758167058229446	0.054163992404937744	0.6762359738349915	0.9800735712051392	0.6900498867034912	0.05649615451693535	0.10000000149011612	0.01058693416416645	0.028365539386868477	0.2126438021659851
2017-12-29	90.07881164550781	79.91991424560547	0.8345491290092468	-1.3730190992355347	25.94498062133789	0.060237281024456024	0.04571380838751793	0.6287739872932434	0.9761537909507751	0.6440957188606262	0.00014635190018452704	0.05666666850447655	0.0026610505301505327	0.03170638531446457	0.23683953285217285
